Workbook

Sheet Control Panel
A1: Yearly Staff Attendance Control Panel
A2: Control | B2: Value | H2: Status Key | I2: Meaning
A3: Attendance year | B3: 2026 | H3: P | I3: Present
A4: Instructions | B4: 1) Enter employee details in Employee Master. 2) Enter annual holiday dates in column H if you want a holiday calendar reference only. 3) Record daily status codes in Jan-Dec. 4) All calendar days are treated as work days unless an absence status is entered. 5) KPI Live Tracker and Staff Absence Audit update automatically. | H4: AA | I4: Authorised Absence
H5: UA | I5: Unauthorised Absence
A6: Active Employees | B6: =COUNTIFS('Employee Master'!A8:A107,"?*",'Employee Master'!D8:D107,"Active") | H6: SA | I6: Sickness Absence
A7: Annual Calendar Work Days | B7: =SUM('KPI Live Tracker'!B19:B30) | H7: EA | I7: Emergency Absence
H8: OR | I8: Other Reason
H9: WO | I9: Weekend Off / Approved Rest Day
H10: H | I10: Holiday / Approved Leave
H12: Holiday Date | I12: Holiday Name / Note

Sheet Employee Master
A1: Employee Master Register
A3: Enter employee details once here. Jan-Dec sheets synchronise automatically.
A6: Employee ID | B6: Employee Name | C6: Reported To | D6: Status | E6: Notes
A8: Abiodun Oguntula | B8: Abiodun Oguntula | C8: HR Manager | D8: Active
A9: Adesoji Aderemi Adeboye | B9: Adesoji Aderemi Adeboye | C9: HR Manager | D9: Active
A10: Ajoke Idowu Olatunde | B10: Ajoke Idowu Olatunde | C10: HR Manager | D10: Active
A11: Akash Amin | B11: Akash Amin | C11: HR Manager | D11: Active
A12: Amrit Singh | B12: Amrit Singh | C12: HR Manager | D12: Active
A13: Anthonia Ekenedilichukwu | B13: Anthonia Ekenedilichukwu | C13: HR Manager | D13: Active
A14: Bankole Funmilayo | B14: Bankole Funmilayo | C14: HR Manager | D14: Active
A15: Bekezela Mguni | B15: Bekezela Mguni | C15: HR Manager | D15: Active
A16: Bukola Gbadamosi | B16: Bukola Gbadamosi | C16: HR Manager | D16: Active
A17: Chinua Ibe-Ani | B17: Chinua Ibe-Ani | C17: HR Manager | D17: Active
A18: Deborah Awotedu | B18: Deborah Awotedu | C18: HR Manager | D18: Active
A19: Deborah Awuyuse | B19: Deborah Awuyuse | C19: HR Manager | D19: Active
... A71: Zaheer Abbas | B71: Zaheer Abbas | C71: HR Manager | D71: Active
D72: Active
D73: Active
D74: Active
D75: Active
D76: Active
D77: Active
D78: Active
D79: Active
D80: Active
D81: Active
D82: Active
D83: Active
... D107: Active

Sheet Jan
A1: January Monthly Staff Attendance Master Register
A2: Month Start | B2: =DATE('Control Panel'!$B$3,1,1) | D2: Reporting Month | E2: =TEXT($B$2,"mmmm yyyy") | H2: Working Days | I2: =COUNTA($D$4:$AH$4) | K2: Active Employees | L2: =COUNTIFS('Employee Master'!A8:A107,"?*",'Employee Master'!D8:D107,"Active") | AW2: Status | AX2: Meaning
A3: Enter daily statuses using: P, AA, UA, SA, EA, OR, WO, H. All calendar days from the 1st to the last day of the month are treated as work days, including weekends and public holidays, unless an absence status is entered. | AV3: P | AW3: P | AX3: Present
D4: =IF(COLUMN()-3<=DAY(DATE(YEAR($B$2),MONTH($B$2)+1,0)),DATE(YEAR($B$2),MONTH($B$2),COLUMN()-3),"") | E4: =IF(COLUMN()-3<=DAY(DATE(YEAR($B$2),MONTH($B$2)+1,0)),DATE(YEAR($B$2),MONTH($B$2),COLUMN()-3),"") | F4: =IF(COLUMN()-3<=DAY(DATE(YEAR($B$2),MONTH($B$2)+1,0)),DATE(YEAR($B$2),MONTH($B$2),COLUMN()-3),"") | G4: =IF(COLUMN()-3<=DAY(DATE(YEAR($B$2),MONTH($B$2)+1,0)),DATE(YEAR($B$2),MONTH($B$2),COLUMN()-3),"") | H4: =IF(COLUMN()-3<=DAY(DATE(YEAR($B$2),MONTH($B$2)+1,0)),DATE(YEAR($B$2),MONTH($B$2),COLUMN()-3),"") | I4: =IF(COLUMN()-3<=DAY(DATE(YEAR($B$2),MONTH($B$2)+1,0)),DATE(YEAR($B$2),MONTH($B$2),COLUMN()-3),"") | J4: =IF(COLUMN()-3<=DAY(DATE(YEAR($B$2),MONTH($B$2)+1,0)),DATE(YEAR($B$2),MONTH($B$2),COLUMN()-3),"") | K4: =IF(COLUMN()-3<=DAY(DATE(YEAR($B$2),MONTH($B$2)+1,0)),DATE(YEAR($B$2),MONTH($B$2),COLUMN()-3),"") | ... AH4: =IF(COLUMN()-3<=DAY(DATE(YEAR($B$2),MONTH($B$2)+1,0)),DATE(YEAR($B$2),MONTH($B$2),COLUMN()-3),"") | AV4: AA | AW4: Authorised Attendance | AX4: Authorised Attendance
A5: Employee Details | D5: Daily Attendance Status | AI5: Monthly Summary & Forensic Review | AV5: UA | AW5: Unauthorised Attendance | AX5: Unauthorised Attendance
A6: Employee ID | B6: Employee Name | C6: Reported To | D6: =IF(D$4="","",DAY(D$4)) | E6: =IF(E$4="","",DAY(E$4)) | F6: =IF(F$4="","",DAY(F$4)) | G6: =IF(G$4="","",DAY(G$4)) | H6: =IF(H$4="","",DAY(H$4)) | I6: =IF(I$4="","",DAY(I$4)) | J6: =IF(J$4="","",DAY(J$4)) | K6: =IF(K$4="","",DAY(K$4)) | ... AH6: =IF(AH$4="","",DAY(AH$4)) | AI6: Present | AJ6: Authorised Absence | AK6: Unauthorised Absence | AL6: Sickness Absence | AM6: Emergency Absence | AN6: Other Reason | AO6: Weekend Off | AP6: Holiday | AQ6: Absence Reason | AR6: Remarks | AS6: Attendance % | AT6: Compliance % | AU6: Forensic Flag | AV6: SA | AW6: Sick Absence | AX6: Sick Absence
D7: =IF(D$4="","","WD") | E7: =IF(E$4="","","WD") | F7: =IF(F$4="","","WD") | G7: =IF(G$4="","","WD") | H7: =IF(H$4="","","WD") | I7: =IF(I$4="","","WD") | J7: =IF(J$4="","","WD") | K7: =IF(K$4="","","WD") | ... AH7: =IF(AH$4="","","WD") | AV7: EA | AW7: Emergency Absence | AX7: Emergency Absence
A8: =IF('Employee Master'!A8="","",'Employee Master'!A8) | B8: =IF($A8="","",'Employee Master'!B8) | C8: =IF($A8="","",'Employee Master'!C8) | D8: P | E8: P | F8: P | G8: P | H8: P | I8: P | J8: P | K8: P | L8: P | M8: P | N8: P | O8: P | P8: P | Q8: P | R8: P | S8: P | T8: P | U8: P | V8: P | W8: P | X8: P | Y8: P | Z8: P | AA8: P | AB8: P | AC8: P | AD8: P | AE8: P | AF8: P | AG8: P | AH8: P | AI8: =IF($A8="","",COUNTIF($D8:$AH8,"P")) | AJ8: =IF($A8="","",COUNTIF($D8:$AH8,"AA")+COUNTIF($D8:$AH8,"SA")+COUNTIF($D8:$AH8,"EA")+COUNTIF($D8:$AH8,"OR")+COUNTIF($D8:$AH8,"WO")+COUNTIF($D8:$AH8,"H")) | AK8: =IF($A8="","",COUNTIF($D8:$AH8,"UA")) | AL8: =IF($A8="","",COUNTIF($D8:$AH8,"SA")) | AM8: =IF($A8="","",COUNTIF($D8:$AH8,"EA")) | AN8: =IF($A8="","",COUNTIF($D8:$AH8,"OR")) | AO8: =IF($A8="","",COUNTIF($D8:$AH8,"WO")) | AP8: =IF($A8="","",COUNTIF($D8:$AH8,"H")) | AS8: =IF(OR($A8="",$I$2=0),"",AI8/$I$2) | AT8: =IF(OR($A8="",$I$2=0),"",(AI8+AJ8)/$I$2) | AU8: =IF($A8="","",IF(OR($AK8>=2,AND($AK8>0,$AQ8=""),AND($AK8>0,$AR8="")),"CRITICAL",IF(OR($AK8=1,AND(($AJ8)>0,$AQ8=""),AND(($AJ8)>0,$AR8=""),$AT8<0.95),"REVIEW","OK"))) | AV8: OR | AW8: Other Reason | AX8: Other Reason
A9: =IF('Employee Master'!A9="","",'Employee Master'!A9) | B9: =IF($A9="","",'Employee Master'!B9) | C9: =IF($A9="","",'Employee Master'!C9) | D9: P | E9: P | F9: P | G9: P | H9: UA | I9: UA | J9: UA | K9: UA | L9: UA | M9: UA | N9: UA | O9: UA | P9: UA | Q9: UA | R9: UA | S9: UA | T9: UA | U9: UA | V9: UA | W9: UA | X9: UA | Y9: UA | Z9: UA | AA9: UA | AB9: UA | AC9: UA | AD9: UA | AE9: UA | AF9: UA | AG9: UA | AH9: UA | AI9: =IF($A9="","",COUNTIF($D9:$AH9,"P")) | AJ9: =IF($A9="","",COUNTIF($D9:$AH9,"AA")+COUNTIF($D9:$AH9,"SA")+COUNTIF($D9:$AH9,"EA")+COUNTIF($D9:$AH9,"OR")+COUNTIF($D9:$AH9,"WO")+COUNTIF($D9:$AH9,"H")) | AK9: =IF($A9="","",COUNTIF($D9:$AH9,"UA")) | AL9: =IF($A9="","",COUNTIF($D9:$AH9,"SA")) | AM9: =IF($A9="","",COUNTIF($D9:$AH9,"EA")) | AN9: =IF($A9="","",COUNTIF($D9:$AH9,"OR")) | AO9: =IF($A9="","",COUNTIF($D9:$AH9,"WO")) | AP9: =IF($A9="","",COUNTIF($D9:$AH9,"H")) | AS9: =IF(OR($A9="",$I$2=0),"",AI9/$I$2) | AT9: =IF(OR($A9="",$I$2=0),"",(AI9+AJ9)/$I$2) | AU9: =IF($A9="","",IF(OR($AK9>=2,AND($AK9>0,$AQ9=""),AND($AK9>0,$AR9="")),"CRITICAL",IF(OR($AK9=1,AND(($AJ9)>0,$AQ9=""),AND(($AJ9)>0,$AR9=""),$AT9<0.95),"REVIEW","OK"))) | AV9: WO | AW9: Weekend Off / Approved Rest Day | AX9: Weekend Off
A10: =IF('Employee Master'!A10="","",'Employee Master'!A10) | B10: =IF($A10="","",'Employee Master'!B10) | C10: =IF($A10="","",'Employee Master'!C10) | D10: UA | E10: UA | F10: UA | G10: UA | H10: P | I10: P | J10: P | K10: UA | L10: P | M10: P | N10: P | O10: P | P10: P | Q10: P | R10: P | S10: P | T10: P | U10: P | V10: P | W10: P | X10: P | Y10: P | Z10: P | AA10: P | AB10: P | AC10: P | AD10: P | AE10: P | AF10: P | AG10: P | AH10: P | AI10: =IF($A10="","",COUNTIF($D10:$AH10,"P")) | AJ10: =IF($A10="","",COUNTIF($D10:$AH10,"AA")+COUNTIF($D10:$AH10,"SA")+COUNTIF($D10:$AH10,"EA")+COUNTIF($D10:$AH10,"OR")+COUNTIF($D10:$AH10,"WO")+COUNTIF($D10:$AH10,"H")) | AK10: =IF($A10="","",COUNTIF($D10:$AH10,"UA")) | AL10: =IF($A10="","",COUNTIF($D10:$AH10,"SA")) | AM10: =IF($A10="","",COUNTIF($D10:$AH10,"EA")) | AN10: =IF($A10="","",COUNTIF($D10:$AH10,"OR")) | AO10: =IF($A10="","",COUNTIF($D10:$AH10,"WO")) | AP10: =IF($A10="","",COUNTIF($D10:$AH10,"H")) | AS10: =IF(OR($A10="",$I$2=0),"",AI10/$I$2) | AT10: =IF(OR($A10="",$I$2=0),"",(AI10+AJ10)/$I$2) | AU10: =IF($A10="","",IF(OR($AK10>=2,AND($AK10>0,$AQ10=""),AND($AK10>0,$AR10="")),"CRITICAL",IF(OR($AK10=1,AND(($AJ10)>0,$AQ10=""),AND(($AJ10)>0,$AR10=""),$AT10<0.95),"REVIEW","OK"))) | AV10: H | AW10: Holiday / Approved Leave | AX10: Holiday
A11: =IF('Employee Master'!A11="","",'Employee Master'!A11) | B11: =IF($A11="","",'Employee Master'!B11) | C11: =IF($A11="","",'Employee Master'!C11) | D11: P | E11: UA | F11: UA | G11: UA | H11: UA | I11: UA | J11: UA | K11: UA | L11: UA | M11: UA | N11: UA | O11: UA | P11: UA | Q11: UA | R11: UA | S11: UA | T11: UA | U11: UA | V11: UA | W11: UA | X11: UA | Y11: UA | Z11: UA | AA11: UA | AB11: UA | AC11: UA | AD11: UA | AE11: UA | AF11: UA | AG11: UA | AH11: UA | AI11: =IF($A11="","",COUNTIF($D11:$AH11,"P")) | AJ11: =IF($A11="","",COUNTIF($D11:$AH11,"AA")+COUNTIF($D11:$AH11,"SA")+COUNTIF($D11:$AH11,"EA")+COUNTIF($D11:$AH11,"OR")+COUNTIF($D11:$AH11,"WO")+COUNTIF($D11:$AH11,"H")) | AK11: =IF($A11="","",COUNTIF($D11:$AH11,"UA")) | AL11: =IF($A11="","",COUNTIF($D11:$AH11,"SA")) | AM11: =IF($A11="","",COUNTIF($D11:$AH11,"EA")) | AN11: =IF($A11="","",COUNTIF($D11:$AH11,"OR")) | AO11: =IF($A11="","",COUNTIF($D11:$AH11,"WO")) | AP11: =IF($A11="","",COUNTIF($D11:$AH11,"H")) | AS11: =IF(OR($A11="",$I$2=0),"",AI11/$I$2) | AT11: =IF(OR($A11="",$I$2=0),"",(AI11+AJ11)/$I$2) | AU11: =IF($A11="","",IF(OR($AK11>=2,AND($AK11>0,$AQ11=""),AND($AK11>0,$AR11="")),"CRITICAL",IF(OR($AK11=1,AND(($AJ11)>0,$AQ11=""),AND(($AJ11)>0,$AR11=""),$AT11<0.95),"REVIEW","OK")))
A12: =IF('Employee Master'!A12="","",'Employee Master'!A12) | B12: =IF($A12="","",'Employee Master'!B12) | C12: =IF($A12="","",'Employee Master'!C12) | D12: P | E12: P | F12: P | G12: P | H12: P | I12: P | J12: P | K12: P | L12: P | M12: P | N12: P | O12: P | P12: P | Q12: P | R12: P | S12: P | T12: P | U12: P | V12: P | W12: P | X12: P | Y12: P | Z12: P | AA12: P | AB12: P | AC12: P | AD12: P | AE12: P | AF12: P | AG12: P | AH12: P | AI12: =IF($A12="","",COUNTIF($D12:$AH12,"P")) | AJ12: =IF($A12="","",COUNTIF($D12:$AH12,"AA")+COUNTIF($D12:$AH12,"SA")+COUNTIF($D12:$AH12,"EA")+COUNTIF($D12:$AH12,"OR")+COUNTIF($D12:$AH12,"WO")+COUNTIF($D12:$AH12,"H")) | AK12: =IF($A12="","",COUNTIF($D12:$AH12,"UA")) | AL12: =IF($A12="","",COUNTIF($D12:$AH12,"SA")) | AM12: =IF($A12="","",COUNTIF($D12:$AH12,"EA")) | AN12: =IF($A12="","",COUNTIF($D12:$AH12,"OR")) | AO12: =IF($A12="","",COUNTIF($D12:$AH12,"WO")) | AP12: =IF($A12="","",COUNTIF($D12:$AH12,"H")) | AS12: =IF(OR($A12="",$I$2=0),"",AI12/$I$2) | AT12: =IF(OR($A12="",$I$2=0),"",(AI12+AJ12)/$I$2) | AU12: =IF($A12="","",IF(OR($AK12>=2,AND($AK12>0,$AQ12=""),AND($AK12>0,$AR12="")),"CRITICAL",IF(OR($AK12=1,AND(($AJ12)>0,$AQ12=""),AND(($AJ12)>0,$AR12=""),$AT12<0.95),"REVIEW","OK")))
A13: =IF('Employee Master'!A13="","",'Employee Master'!A13) | B13: =IF($A13="","",'Employee Master'!B13) | C13: =IF($A13="","",'Employee Master'!C13) | D13: P | E13: P | F13: P | G13: P | H13: P | I13: P | J13: P | K13: P | L13: P | M13: P | N13: P | O13: P | P13: P | Q13: P | R13: P | S13: P | T13: P | U13: P | V13: P | W13: P | X13: P | Y13: P | Z13: P | AA13: P | AB13: P | AC13: P | AD13: P | AE13: P | AF13: P | AG13: P | AH13: P | AI13: =IF($A13="","",COUNTIF($D13:$AH13,"P")) | AJ13: =IF($A13="","",COUNTIF($D13:$AH13,"AA")+COUNTIF($D13:$AH13,"SA")+COUNTIF($D13:$AH13,"EA")+COUNTIF($D13:$AH13,"OR")+COUNTIF($D13:$AH13,"WO")+COUNTIF($D13:$AH13,"H")) | AK13: =IF($A13="","",COUNTIF($D13:$AH13,"UA")) | AL13: =IF($A13="","",COUNTIF($D13:$AH13,"SA")) | AM13: =IF($A13="","",COUNTIF($D13:$AH13,"EA")) | AN13: =IF($A13="","",COUNTIF($D13:$AH13,"OR")) | AO13: =IF($A13="","",COUNTIF($D13:$AH13,"WO")) | AP13: =IF($A13="","",COUNTIF($D13:$AH13,"H")) | AS13: =IF(OR($A13="",$I$2=0),"",AI13/$I$2) | AT13: =IF(OR($A13="",$I$2=0),"",(AI13+AJ13)/$I$2) | AU13: =IF($A13="","",IF(OR($AK13>=2,AND($AK13>0,$AQ13=""),AND($AK13>0,$AR13="")),"CRITICAL",IF(OR($AK13=1,AND(($AJ13)>0,$AQ13=""),AND(($AJ13)>0,$AR13=""),$AT13<0.95),"REVIEW","OK")))
A14: =IF('Employee Master'!A14="","",'Employee Master'!A14) | B14: =IF($A14="","",'Employee Master'!B14) | C14: =IF($A14="","",'Employee Master'!C14) | D14: P | E14: P | F14: P | G14: P | H14: P | I14: P | J14: P | K14: P | L14: P | M14: P | N14: P | O14: P | P14: P | Q14: P | R14: P | S14: P | T14: P | U14: P | V14: P | W14: P | X14: P | Y14: P | Z14: P | AA14: P | AB14: P | AC14: P | AD14: P | AE14: P | AF14: P | AG14: P | AH14: P | AI14: =IF($A14="","",COUNTIF($D14:$AH14,"P")) | AJ14: =IF($A14="","",COUNTIF($D14:$AH14,"AA")+COUNTIF($D14:$AH14,"SA")+COUNTIF($D14:$AH14,"EA")+COUNTIF($D14:$AH14,"OR")+COUNTIF($D14:$AH14,"WO")+COUNTIF($D14:$AH14,"H")) | AK14: =IF($A14="","",COUNTIF($D14:$AH14,"UA")) | AL14: =IF($A14="","",COUNTIF($D14:$AH14,"SA")) | AM14: =IF($A14="","",COUNTIF($D14:$AH14,"EA")) | AN14: =IF($A14="","",COUNTIF($D14:$AH14,"OR")) | AO14: =IF($A14="","",COUNTIF($D14:$AH14,"WO")) | AP14: =IF($A14="","",COUNTIF($D14:$AH14,"H")) | AS14: =IF(OR($A14="",$I$2=0),"",AI14/$I$2) | AT14: =IF(OR($A14="",$I$2=0),"",(AI14+AJ14)/$I$2) | AU14: =IF($A14="","",IF(OR($AK14>=2,AND($AK14>0,$AQ14=""),AND($AK14>0,$AR14="")),"CRITICAL",IF(OR($AK14=1,AND(($AJ14)>0,$AQ14=""),AND(($AJ14)>0,$AR14=""),$AT14<0.95),"REVIEW","OK")))
A15: =IF('Employee Master'!A15="","",'Employee Master'!A15) | B15: =IF($A15="","",'Employee Master'!B15) | C15: =IF($A15="","",'Employee Master'!C15) | D15: P | E15: P | F15: P | G15: P | H15: P | I15: P | J15: P | K15: P | L15: P | M15: P | N15: P | O15: P | P15: P | Q15: P | R15: P | S15: P | T15: P | U15: P | V15: UA | W15: UA | X15: P | Y15: P | Z15: P | AA15: P | AB15: P | AC15: P | AD15: P | AE15: P | AF15: P | AG15: P | AH15: P | AI15: =IF($A15="","",COUNTIF($D15:$AH15,"P")) | AJ15: =IF($A15="","",COUNTIF($D15:$AH15,"AA")+COUNTIF($D15:$AH15,"SA")+COUNTIF($D15:$AH15,"EA")+COUNTIF($D15:$AH15,"OR")+COUNTIF($D15:$AH15,"WO")+COUNTIF($D15:$AH15,"H")) | AK15: =IF($A15="","",COUNTIF($D15:$AH15,"UA")) | AL15: =IF($A15="","",COUNTIF($D15:$AH15,"SA")) | AM15: =IF($A15="","",COUNTIF($D15:$AH15,"EA")) | AN15: =IF($A15="","",COUNTIF($D15:$AH15,"OR")) | AO15: =IF($A15="","",COUNTIF($D15:$AH15,"WO")) | AP15: =IF($A15="","",COUNTIF($D15:$AH15,"H")) | AS15: =IF(OR($A15="",$I$2=0),"",AI15/$I$2) | AT15: =IF(OR($A15="",$I$2=0),"",(AI15+AJ15)/$I$2) | AU15: =IF($A15="","",IF(OR($AK15>=2,AND($AK15>0,$AQ15=""),AND($AK15>0,$AR15="")),"CRITICAL",IF(OR($AK15=1,AND(($AJ15)>0,$AQ15=""),AND(($AJ15)>0,$AR15=""),$AT15<0.95),"REVIEW","OK")))
A16: =IF('Employee Master'!A16="","",'Employee Master'!A16) | B16: =IF($A16="","",'Employee Master'!B16) | C16: =IF($A16="","",'Employee Master'!C16) | D16: P | E16: P | F16: P | G16: P | H16: P | I16: P | J16: P | K16: P | L16: P | M16: P | N16: P | O16: P | P16: P | Q16: P | R16: P | S16: P | T16: P | U16: P | V16: P | W16: P | X16: P | Y16: P | Z16: P | AA16: P | AB16: P | AC16: P | AD16: P | AE16: P | AF16: P | AG16: P | AH16: P | AI16: =IF($A16="","",COUNTIF($D16:$AH16,"P")) | AJ16: =IF($A16="","",COUNTIF($D16:$AH16,"AA")+COUNTIF($D16:$AH16,"SA")+COUNTIF($D16:$AH16,"EA")+COUNTIF($D16:$AH16,"OR")+COUNTIF($D16:$AH16,"WO")+COUNTIF($D16:$AH16,"H")) | AK16: =IF($A16="","",COUNTIF($D16:$AH16,"UA")) | AL16: =IF($A16="","",COUNTIF($D16:$AH16,"SA")) | AM16: =IF($A16="","",COUNTIF($D16:$AH16,"EA")) | AN16: =IF($A16="","",COUNTIF($D16:$AH16,"OR")) | AO16: =IF($A16="","",COUNTIF($D16:$AH16,"WO")) | AP16: =IF($A16="","",COUNTIF($D16:$AH16,"H")) | AS16: =IF(OR($A16="",$I$2=0),"",AI16/$I$2) | AT16: =IF(OR($A16="",$I$2=0),"",(AI16+AJ16)/$I$2) | AU16: =IF($A16="","",IF(OR($AK16>=2,AND($AK16>0,$AQ16=""),AND($AK16>0,$AR16="")),"CRITICAL",IF(OR($AK16=1,AND(($AJ16)>0,$AQ16=""),AND(($AJ16)>0,$AR16=""),$AT16<0.95),"REVIEW","OK")))
A17: =IF('Employee Master'!A17="","",'Employee Master'!A17) | B17: =IF($A17="","",'Employee Master'!B17) | C17: =IF($A17="","",'Employee Master'!C17) | D17: P | E17: P | F17: P | G17: P | H17: P | I17: P | J17: P | K17: P | L17: P | M17: P | N17: P | O17: P | P17: P | Q17: P | R17: P | S17: P | T17: P | U17: P | V17: P | W17: P | X17: P | Y17: P | Z17: P | AA17: P | AB17: P | AC17: P | AD17: P | AE17: P | AF17: P | AG17: P | AH17: P | AI17: =IF($A17="","",COUNTIF($D17:$AH17,"P")) | AJ17: =IF($A17="","",COUNTIF($D17:$AH17,"AA")+COUNTIF($D17:$AH17,"SA")+COUNTIF($D17:$AH17,"EA")+COUNTIF($D17:$AH17,"OR")+COUNTIF($D17:$AH17,"WO")+COUNTIF($D17:$AH17,"H")) | AK17: =IF($A17="","",COUNTIF($D17:$AH17,"UA")) | AL17: =IF($A17="","",COUNTIF($D17:$AH17,"SA")) | AM17: =IF($A17="","",COUNTIF($D17:$AH17,"EA")) | AN17: =IF($A17="","",COUNTIF($D17:$AH17,"OR")) | AO17: =IF($A17="","",COUNTIF($D17:$AH17,"WO")) | AP17: =IF($A17="","",COUNTIF($D17:$AH17,"H")) | AS17: =IF(OR($A17="",$I$2=0),"",AI17/$I$2) | AT17: =IF(OR($A17="",$I$2=0),"",(AI17+AJ17)/$I$2) | AU17: =IF($A17="","",IF(OR($AK17>=2,AND($AK17>0,$AQ17=""),AND($AK17>0,$AR17="")),"CRITICAL",IF(OR($AK17=1,AND(($AJ17)>0,$AQ17=""),AND(($AJ17)>0,$AR17=""),$AT17<0.95),"REVIEW","OK")))
A18: =IF('Employee Master'!A18="","",'Employee Master'!A18) | B18: =IF($A18="","",'Employee Master'!B18) | C18: =IF($A18="","",'Employee Master'!C18) | D18: P | E18: P | F18: P | G18: P | H18: UA | I18: UA | J18: UA | K18: UA | L18: UA | M18: UA | N18: UA | O18: UA | P18: UA | Q18: UA | R18: UA | S18: UA | T18: UA | U18: UA | V18: UA | W18: UA | X18: UA | Y18: UA | Z18: UA | AA18: UA | AB18: UA | AC18: UA | AD18: UA | AE18: UA | AF18: UA | AG18: UA | AH18: P | AI18: =IF($A18="","",COUNTIF($D18:$AH18,"P")) | AJ18: =IF($A18="","",COUNTIF($D18:$AH18,"AA")+COUNTIF($D18:$AH18,"SA")+COUNTIF($D18:$AH18,"EA")+COUNTIF($D18:$AH18,"OR")+COUNTIF($D18:$AH18,"WO")+COUNTIF($D18:$AH18,"H")) | AK18: =IF($A18="","",COUNTIF($D18:$AH18,"UA")) | AL18: =IF($A18="","",COUNTIF($D18:$AH18,"SA")) | AM18: =IF($A18="","",COUNTIF($D18:$AH18,"EA")) | AN18: =IF($A18="","",COUNTIF($D18:$AH18,"OR")) | AO18: =IF($A18="","",COUNTIF($D18:$AH18,"WO")) | AP18: =IF($A18="","",COUNTIF($D18:$AH18,"H")) | AS18: =IF(OR($A18="",$I$2=0),"",AI18/$I$2) | AT18: =IF(OR($A18="",$I$2=0),"",(AI18+AJ18)/$I$2) | AU18: =IF($A18="","",IF(OR($AK18>=2,AND($AK18>0,$AQ18=""),AND($AK18>0,$AR18="")),"CRITICAL",IF(OR($AK18=1,AND(($AJ18)>0,$AQ18=""),AND(($AJ18)>0,$AR18=""),$AT18<0.95),"REVIEW","OK")))
A19: =IF('Employee Master'!A19="","",'Employee Master'!A19) | B19: =IF($A19="","",'Employee Master'!B19) | C19: =IF($A19="","",'Employee Master'!C19) | D19: P | E19: P | F19: P | G19: P | H19: P | I19: P | J19: P | K19: P | L19: P | M19: P | N19: P | O19: P | P19: P | Q19: P | R19: P | S19: P | T19: P | U19: P | V19: P | W19: P | X19: P | Y19: P | Z19: P | AA19: P | AB19: P | AC19: UA | AD19: P | AE19: P | AF19: P | AG19: P | AH19: P | AI19: =IF($A19="","",COUNTIF($D19:$AH19,"P")) | AJ19: =IF($A19="","",COUNTIF($D19:$AH19,"AA")+COUNTIF($D19:$AH19,"SA")+COUNTIF($D19:$AH19,"EA")+COUNTIF($D19:$AH19,"OR")+COUNTIF($D19:$AH19,"WO")+COUNTIF($D19:$AH19,"H")) | AK19: =IF($A19="","",COUNTIF($D19:$AH19,"UA")) | AL19: =IF($A19="","",COUNTIF($D19:$AH19,"SA")) | AM19: =IF($A19="","",COUNTIF($D19:$AH19,"EA")) | AN19: =IF($A19="","",COUNTIF($D19:$AH19,"OR")) | AO19: =IF($A19="","",COUNTIF($D19:$AH19,"WO")) | AP19: =IF($A19="","",COUNTIF($D19:$AH19,"H")) | AS19: =IF(OR($A19="",$I$2=0),"",AI19/$I$2) | AT19: =IF(OR($A19="",$I$2=0),"",(AI19+AJ19)/$I$2) | AU19: =IF($A19="","",IF(OR($AK19>=2,AND($AK19>0,$AQ19=""),AND($AK19>0,$AR19="")),"CRITICAL",IF(OR($AK19=1,AND(($AJ19)>0,$AQ19=""),AND(($AJ19)>0,$AR19=""),$AT19<0.95),"REVIEW","OK")))
A20: =IF('Employee Master'!A20="","",'Employee Master'!A20) | B20: =IF($A20="","",'Employee Master'!B20) | C20: =IF($A20="","",'Employee Master'!C20) | D20: P | E20: P | F20: P | G20: P | H20: P | I20: P | J20: P | K20: P | L20: P | M20: P | N20: P | O20: P | P20: P | Q20: P | R20: P | S20: P | T20: P | U20: P | V20: P | W20: P | X20: P | Y20: P | Z20: P | AA20: P | AB20: P | AC20: P | AD20: P | AE20: P | AF20: P | AG20: P | AH20: P | AI20: =IF($A20="","",COUNTIF($D20:$AH20,"P")) | AJ20: =IF($A20="","",COUNTIF($D20:$AH20,"AA")+COUNTIF($D20:$AH20,"SA")+COUNTIF($D20:$AH20,"EA")+COUNTIF($D20:$AH20,"OR")+COUNTIF($D20:$AH20,"WO")+COUNTIF($D20:$AH20,"H")) | AK20: =IF($A20="","",COUNTIF($D20:$AH20,"UA")) | AL20: =IF($A20="","",COUNTIF($D20:$AH20,"SA")) | AM20: =IF($A20="","",COUNTIF($D20:$AH20,"EA")) | AN20: =IF($A20="","",COUNTIF($D20:$AH20,"OR")) | AO20: =IF($A20="","",COUNTIF($D20:$AH20,"WO")) | AP20: =IF($A20="","",COUNTIF($D20:$AH20,"H")) | AS20: =IF(OR($A20="",$I$2=0),"",AI20/$I$2) | AT20: =IF(OR($A20="",$I$2=0),"",(AI20+AJ20)/$I$2) | AU20: =IF($A20="","",IF(OR($AK20>=2,AND($AK20>0,$AQ20=""),AND($AK20>0,$AR20="")),"CRITICAL",IF(OR($AK20=1,AND(($AJ20)>0,$AQ20=""),AND(($AJ20)>0,$AR20=""),$AT20<0.95),"REVIEW","OK")))
A21: =IF('Employee Master'!A21="","",'Employee Master'!A21) | B21: =IF($A21="","",'Employee Master'!B21) | C21: =IF($A21="","",'Employee Master'!C21) | D21: P | E21: P | F21: P | G21: P | H21: P | I21: P | J21: P | K21: P | L21: P | M21: P | N21: P | O21: P | P21: P | Q21: P | R21: UA | S21: UA | T21: UA | U21: UA | V21: UA | W21: UA | X21: UA | Y21: UA | Z21: UA | AA21: UA | AB21: UA | AC21: UA | AD21: UA | AE21: UA | AF21: UA | AG21: UA | AH21: UA | AI21: =IF($A21="","",COUNTIF($D21:$AH21,"P")) | AJ21: =IF($A21="","",COUNTIF($D21:$AH21,"AA")+COUNTIF($D21:$AH21,"SA")+COUNTIF($D21:$AH21,"EA")+COUNTIF($D21:$AH21,"OR")+COUNTIF($D21:$AH21,"WO")+COUNTIF($D21:$AH21,"H")) | AK21: =IF($A21="","",COUNTIF($D21:$AH21,"UA")) | AL21: =IF($A21="","",COUNTIF($D21:$AH21,"SA")) | AM21: =IF($A21="","",COUNTIF($D21:$AH21,"EA")) | AN21: =IF($A21="","",COUNTIF($D21:$AH21,"OR")) | AO21: =IF($A21="","",COUNTIF($D21:$AH21,"WO")) | AP21: =IF($A21="","",COUNTIF($D21:$AH21,"H")) | AS21: =IF(OR($A21="",$I$2=0),"",AI21/$I$2) | AT21: =IF(OR($A21="",$I$2=0),"",(AI21+AJ21)/$I$2) | AU21: =IF($A21="","",IF(OR($AK21>=2,AND($AK21>0,$AQ21=""),AND($AK21>0,$AR21="")),"CRITICAL",IF(OR($AK21=1,AND(($AJ21)>0,$AQ21=""),AND(($AJ21)>0,$AR21=""),$AT21<0.95),"REVIEW","OK")))
A22: =IF('Employee Master'!A22="","",'Employee Master'!A22) | B22: =IF($A22="","",'Employee Master'!B22) | C22: =IF($A22="","",'Employee Master'!C22) | D22: UA | E22: UA | F22: UA | G22: UA | H22: UA | I22: UA | J22: UA | K22: UA | L22: UA | M22: UA | N22: UA | O22: UA | P22: UA | Q22: UA | R22: UA | S22: UA | T22: UA | U22: UA | V22: UA | W22: UA | X22: UA | Y22: UA | Z22: UA | AA22: UA | AB22: UA | AC22: UA | AD22: UA | AE22: P | AF22: P | AG22: P | AH22: P | AI22: =IF($A22="","",COUNTIF($D22:$AH22,"P")) | AJ22: =IF($A22="","",COUNTIF($D22:$AH22,"AA")+COUNTIF($D22:$AH22,"SA")+COUNTIF($D22:$AH22,"EA")+COUNTIF($D22:$AH22,"OR")+COUNTIF($D22:$AH22,"WO")+COUNTIF($D22:$AH22,"H")) | AK22: =IF($A22="","",COUNTIF($D22:$AH22,"UA")) | AL22: =IF($A22="","",COUNTIF($D22:$AH22,"SA")) | AM22: =IF($A22="","",COUNTIF($D22:$AH22,"EA")) | AN22: =IF($A22="","",COUNTIF($D22:$AH22,"OR")) | AO22: =IF($A22="","",COUNTIF($D22:$AH22,"WO")) | AP22: =IF($A22="","",COUNTIF($D22:$AH22,"H")) | AS22: =IF(OR($A22="",$I$2=0),"",AI22/$I$2) | AT22: =IF(OR($A22="",$I$2=0),"",(AI22+AJ22)/$I$2) | AU22: =IF($A22="","",IF(OR($AK22>=2,AND($AK22>0,$AQ22=""),AND($AK22>0,$AR22="")),"CRITICAL",IF(OR($AK22=1,AND(($AJ22)>0,$AQ22=""),AND(($AJ22)>0,$AR22=""),$AT22<0.95),"REVIEW","OK")))
... A71: =IF('Employee Master'!A71="","",'Employee Master'!A71) | B71: =IF($A71="","",'Employee Master'!B71) | C71: =IF($A71="","",'Employee Master'!C71) | D71: P | E71: P | F71: P | G71: P | H71: P | I71: P | J71: P | K71: P | L71: P | M71: P | N71: P | O71: P | P71: P | Q71: P | R71: P | S71: P | T71: P | U71: P | V71: P | W71: P | X71: P | Y71: P | Z71: P | AA71: P | AB71: P | AC71: P | AD71: P | AE71: P | AF71: P | AG71: P | AH71: P | AI71: =IF($A71="","",COUNTIF($D71:$AH71,"P")) | AJ71: =IF($A71="","",COUNTIF($D71:$AH71,"AA")+COUNTIF($D71:$AH71,"SA")+COUNTIF($D71:$AH71,"EA")+COUNTIF($D71:$AH71,"OR")+COUNTIF($D71:$AH71,"WO")+COUNTIF($D71:$AH71,"H")) | AK71: =IF($A71="","",COUNTIF($D71:$AH71,"UA")) | AL71: =IF($A71="","",COUNTIF($D71:$AH71,"SA")) | AM71: =IF($A71="","",COUNTIF($D71:$AH71,"EA")) | AN71: =IF($A71="","",COUNTIF($D71:$AH71,"OR")) | AO71: =IF($A71="","",COUNTIF($D71:$AH71,"WO")) | AP71: =IF($A71="","",COUNTIF($D71:$AH71,"H")) | AS71: =IF(OR($A71="",$I$2=0),"",AI71/$I$2) | AT71: =IF(OR($A71="",$I$2=0),"",(AI71+AJ71)/$I$2) | AU71: =IF($A71="","",IF(OR($AK71>=2,AND($AK71>0,$AQ71=""),AND($AK71>0,$AR71="")),"CRITICAL",IF(OR($AK71=1,AND(($AJ71)>0,$AQ71=""),AND(($AJ71)>0,$AR71=""),$AT71<0.95),"REVIEW","OK")))
A72: =IF('Employee Master'!A72="","",'Employee Master'!A72) | B72: =IF($A72="","",'Employee Master'!B72) | C72: =IF($A72="","",'Employee Master'!C72) | AI72: =IF($A72="","",COUNTIF($D72:$AH72,"P")) | AJ72: =IF($A72="","",COUNTIF($D72:$AH72,"AA")+COUNTIF($D72:$AH72,"SA")+COUNTIF($D72:$AH72,"EA")+COUNTIF($D72:$AH72,"OR")+COUNTIF($D72:$AH72,"WO")+COUNTIF($D72:$AH72,"H")) | AK72: =IF($A72="","",COUNTIF($D72:$AH72,"UA")) | AL72: =IF($A72="","",COUNTIF($D72:$AH72,"SA")) | AM72: =IF($A72="","",COUNTIF($D72:$AH72,"EA")) | AN72: =IF($A72="","",COUNTIF($D72:$AH72,"OR")) | AO72: =IF($A72="","",COUNTIF($D72:$AH72,"WO")) | AP72: =IF($A72="","",COUNTIF($D72:$AH72,"H")) | AS72: =IF(OR($A72="",$I$2=0),"",AI72/$I$2) | AT72: =IF(OR($A72="",$I$2=0),"",(AI72+AJ72)/$I$2) | AU72: =IF($A72="","",IF(OR($AK72>=2,AND($AK72>0,$AQ72=""),AND($AK72>0,$AR72="")),"CRITICAL",IF(OR($AK72=1,AND(($AJ72)>0,$AQ72=""),AND(($AJ72)>0,$AR72=""),$AT72<0.95),"REVIEW","OK")))
A73: =IF('Employee Master'!A73="","",'Employee Master'!A73) | B73: =IF($A73="","",'Employee Master'!B73) | C73: =IF($A73="","",'Employee Master'!C73) | AI73: =IF($A73="","",COUNTIF($D73:$AH73,"P")) | AJ73: =IF($A73="","",COUNTIF($D73:$AH73,"AA")+COUNTIF($D73:$AH73,"SA")+COUNTIF($D73:$AH73,"EA")+COUNTIF($D73:$AH73,"OR")+COUNTIF($D73:$AH73,"WO")+COUNTIF($D73:$AH73,"H")) | AK73: =IF($A73="","",COUNTIF($D73:$AH73,"UA")) | AL73: =IF($A73="","",COUNTIF($D73:$AH73,"SA")) | AM73: =IF($A73="","",COUNTIF($D73:$AH73,"EA")) | AN73: =IF($A73="","",COUNTIF($D73:$AH73,"OR")) | AO73: =IF($A73="","",COUNTIF($D73:$AH73,"WO")) | AP73: =IF($A73="","",COUNTIF($D73:$AH73,"H")) | AS73: =IF(OR($A73="",$I$2=0),"",AI73/$I$2) | AT73: =IF(OR($A73="",$I$2=0),"",(AI73+AJ73)/$I$2) | AU73: =IF($A73="","",IF(OR($AK73>=2,AND($AK73>0,$AQ73=""),AND($AK73>0,$AR73="")),"CRITICAL",IF(OR($AK73=1,AND(($AJ73)>0,$AQ73=""),AND(($AJ73)>0,$AR73=""),$AT73<0.95),"REVIEW","OK")))
A74: =IF('Employee Master'!A74="","",'Employee Master'!A74) | B74: =IF($A74="","",'Employee Master'!B74) | C74: =IF($A74="","",'Employee Master'!C74) | AI74: =IF($A74="","",COUNTIF($D74:$AH74,"P")) | AJ74: =IF($A74="","",COUNTIF($D74:$AH74,"AA")+COUNTIF($D74:$AH74,"SA")+COUNTIF($D74:$AH74,"EA")+COUNTIF($D74:$AH74,"OR")+COUNTIF($D74:$AH74,"WO")+COUNTIF($D74:$AH74,"H")) | AK74: =IF($A74="","",COUNTIF($D74:$AH74,"UA")) | AL74: =IF($A74="","",COUNTIF($D74:$AH74,"SA")) | AM74: =IF($A74="","",COUNTIF($D74:$AH74,"EA")) | AN74: =IF($A74="","",COUNTIF($D74:$AH74,"OR")) | AO74: =IF($A74="","",COUNTIF($D74:$AH74,"WO")) | AP74: =IF($A74="","",COUNTIF($D74:$AH74,"H")) | AS74: =IF(OR($A74="",$I$2=0),"",AI74/$I$2) | AT74: =IF(OR($A74="",$I$2=0),"",(AI74+AJ74)/$I$2) | AU74: =IF($A74="","",IF(OR($AK74>=2,AND($AK74>0,$AQ74=""),AND($AK74>0,$AR74="")),"CRITICAL",IF(OR($AK74=1,AND(($AJ74)>0,$AQ74=""),AND(($AJ74)>0,$AR74=""),$AT74<0.95),"REVIEW","OK")))
A75: =IF('Employee Master'!A75="","",'Employee Master'!A75) | B75: =IF($A75="","",'Employee Master'!B75) | C75: =IF($A75="","",'Employee Master'!C75) | AI75: =IF($A75="","",COUNTIF($D75:$AH75,"P")) | AJ75: =IF($A75="","",COUNTIF($D75:$AH75,"AA")+COUNTIF($D75:$AH75,"SA")+COUNTIF($D75:$AH75,"EA")+COUNTIF($D75:$AH75,"OR")+COUNTIF($D75:$AH75,"WO")+COUNTIF($D75:$AH75,"H")) | AK75: =IF($A75="","",COUNTIF($D75:$AH75,"UA")) | AL75: =IF($A75="","",COUNTIF($D75:$AH75,"SA")) | AM75: =IF($A75="","",COUNTIF($D75:$AH75,"EA")) | AN75: =IF($A75="","",COUNTIF($D75:$AH75,"OR")) | AO75: =IF($A75="","",COUNTIF($D75:$AH75,"WO")) | AP75: =IF($A75="","",COUNTIF($D75:$AH75,"H")) | AS75: =IF(OR($A75="",$I$2=0),"",AI75/$I$2) | AT75: =IF(OR($A75="",$I$2=0),"",(AI75+AJ75)/$I$2) | AU75: =IF($A75="","",IF(OR($AK75>=2,AND($AK75>0,$AQ75=""),AND($AK75>0,$AR75="")),"CRITICAL",IF(OR($AK75=1,AND(($AJ75)>0,$AQ75=""),AND(($AJ75)>0,$AR75=""),$AT75<0.95),"REVIEW","OK")))
A76: =IF('Employee Master'!A76="","",'Employee Master'!A76) | B76: =IF($A76="","",'Employee Master'!B76) | C76: =IF($A76="","",'Employee Master'!C76) | AI76: =IF($A76="","",COUNTIF($D76:$AH76,"P")) | AJ76: =IF($A76="","",COUNTIF($D76:$AH76,"AA")+COUNTIF($D76:$AH76,"SA")+COUNTIF($D76:$AH76,"EA")+COUNTIF($D76:$AH76,"OR")+COUNTIF($D76:$AH76,"WO")+COUNTIF($D76:$AH76,"H")) | AK76: =IF($A76="","",COUNTIF($D76:$AH76,"UA")) | AL76: =IF($A76="","",COUNTIF($D76:$AH76,"SA")) | AM76: =IF($A76="","",COUNTIF($D76:$AH76,"EA")) | AN76: =IF($A76="","",COUNTIF($D76:$AH76,"OR")) | AO76: =IF($A76="","",COUNTIF($D76:$AH76,"WO")) | AP76: =IF($A76="","",COUNTIF($D76:$AH76,"H")) | AS76: =IF(OR($A76="",$I$2=0),"",AI76/$I$2) | AT76: =IF(OR($A76="",$I$2=0),"",(AI76+AJ76)/$I$2) | AU76: =IF($A76="","",IF(OR($AK76>=2,AND($AK76>0,$AQ76=""),AND($AK76>0,$AR76="")),"CRITICAL",IF(OR($AK76=1,AND(($AJ76)>0,$AQ76=""),AND(($AJ76)>0,$AR76=""),$AT76<0.95),"REVIEW","OK")))
A77: =IF('Employee Master'!A77="","",'Employee Master'!A77) | B77: =IF($A77="","",'Employee Master'!B77) | C77: =IF($A77="","",'Employee Master'!C77) | AI77: =IF($A77="","",COUNTIF($D77:$AH77,"P")) | AJ77: =IF($A77="","",COUNTIF($D77:$AH77,"AA")+COUNTIF($D77:$AH77,"SA")+COUNTIF($D77:$AH77,"EA")+COUNTIF($D77:$AH77,"OR")+COUNTIF($D77:$AH77,"WO")+COUNTIF($D77:$AH77,"H")) | AK77: =IF($A77="","",COUNTIF($D77:$AH77,"UA")) | AL77: =IF($A77="","",COUNTIF($D77:$AH77,"SA")) | AM77: =IF($A77="","",COUNTIF($D77:$AH77,"EA")) | AN77: =IF($A77="","",COUNTIF($D77:$AH77,"OR")) | AO77: =IF($A77="","",COUNTIF($D77:$AH77,"WO")) | AP77: =IF($A77="","",COUNTIF($D77:$AH77,"H")) | AS77: =IF(OR($A77="",$I$2=0),"",AI77/$I$2) | AT77: =IF(OR($A77="",$I$2=0),"",(AI77+AJ77)/$I$2) | AU77: =IF($A77="","",IF(OR($AK77>=2,AND($AK77>0,$AQ77=""),AND($AK77>0,$AR77="")),"CRITICAL",IF(OR($AK77=1,AND(($AJ77)>0,$AQ77=""),AND(($AJ77)>0,$AR77=""),$AT77<0.95),"REVIEW","OK")))
A78: =IF('Employee Master'!A78="","",'Employee Master'!A78) | B78: =IF($A78="","",'Employee Master'!B78) | C78: =IF($A78="","",'Employee Master'!C78) | AI78: =IF($A78="","",COUNTIF($D78:$AH78,"P")) | AJ78: =IF($A78="","",COUNTIF($D78:$AH78,"AA")+COUNTIF($D78:$AH78,"SA")+COUNTIF($D78:$AH78,"EA")+COUNTIF($D78:$AH78,"OR")+COUNTIF($D78:$AH78,"WO")+COUNTIF($D78:$AH78,"H")) | AK78: =IF($A78="","",COUNTIF($D78:$AH78,"UA")) | AL78: =IF($A78="","",COUNTIF($D78:$AH78,"SA")) | AM78: =IF($A78="","",COUNTIF($D78:$AH78,"EA")) | AN78: =IF($A78="","",COUNTIF($D78:$AH78,"OR")) | AO78: =IF($A78="","",COUNTIF($D78:$AH78,"WO")) | AP78: =IF($A78="","",COUNTIF($D78:$AH78,"H")) | AS78: =IF(OR($A78="",$I$2=0),"",AI78/$I$2) | AT78: =IF(OR($A78="",$I$2=0),"",(AI78+AJ78)/$I$2) | AU78: =IF($A78="","",IF(OR($AK78>=2,AND($AK78>0,$AQ78=""),AND($AK78>0,$AR78="")),"CRITICAL",IF(OR($AK78=1,AND(($AJ78)>0,$AQ78=""),AND(($AJ78)>0,$AR78=""),$AT78<0.95),"REVIEW","OK")))
A79: =IF('Employee Master'!A79="","",'Employee Master'!A79) | B79: =IF($A79="","",'Employee Master'!B79) | C79: =IF($A79="","",'Employee Master'!C79) | AI79: =IF($A79="","",COUNTIF($D79:$AH79,"P")) | AJ79: =IF($A79="","",COUNTIF($D79:$AH79,"AA")+COUNTIF($D79:$AH79,"SA")+COUNTIF($D79:$AH79,"EA")+COUNTIF($D79:$AH79,"OR")+COUNTIF($D79:$AH79,"WO")+COUNTIF($D79:$AH79,"H")) | AK79: =IF($A79="","",COUNTIF($D79:$AH79,"UA")) | AL79: =IF($A79="","",COUNTIF($D79:$AH79,"SA")) | AM79: =IF($A79="","",COUNTIF($D79:$AH79,"EA")) | AN79: =IF($A79="","",COUNTIF($D79:$AH79,"OR")) | AO79: =IF($A79="","",COUNTIF($D79:$AH79,"WO")) | AP79: =IF($A79="","",COUNTIF($D79:$AH79,"H")) | AS79: =IF(OR($A79="",$I$2=0),"",AI79/$I$2) | AT79: =IF(OR($A79="",$I$2=0),"",(AI79+AJ79)/$I$2) | AU79: =IF($A79="","",IF(OR($AK79>=2,AND($AK79>0,$AQ79=""),AND($AK79>0,$AR79="")),"CRITICAL",IF(OR($AK79=1,AND(($AJ79)>0,$AQ79=""),AND(($AJ79)>0,$AR79=""),$AT79<0.95),"REVIEW","OK")))
A80: =IF('Employee Master'!A80="","",'Employee Master'!A80) | B80: =IF($A80="","",'Employee Master'!B80) | C80: =IF($A80="","",'Employee Master'!C80) | AI80: =IF($A80="","",COUNTIF($D80:$AH80,"P")) | AJ80: =IF($A80="","",COUNTIF($D80:$AH80,"AA")+COUNTIF($D80:$AH80,"SA")+COUNTIF($D80:$AH80,"EA")+COUNTIF($D80:$AH80,"OR")+COUNTIF($D80:$AH80,"WO")+COUNTIF($D80:$AH80,"H")) | AK80: =IF($A80="","",COUNTIF($D80:$AH80,"UA")) | AL80: =IF($A80="","",COUNTIF($D80:$AH80,"SA")) | AM80: =IF($A80="","",COUNTIF($D80:$AH80,"EA")) | AN80: =IF($A80="","",COUNTIF($D80:$AH80,"OR")) | AO80: =IF($A80="","",COUNTIF($D80:$AH80,"WO")) | AP80: =IF($A80="","",COUNTIF($D80:$AH80,"H")) | AS80: =IF(OR($A80="",$I$2=0),"",AI80/$I$2) | AT80: =IF(OR($A80="",$I$2=0),"",(AI80+AJ80)/$I$2) | AU80: =IF($A80="","",IF(OR($AK80>=2,AND($AK80>0,$AQ80=""),AND($AK80>0,$AR80="")),"CRITICAL",IF(OR($AK80=1,AND(($AJ80)>0,$AQ80=""),AND(($AJ80)>0,$AR80=""),$AT80<0.95),"REVIEW","OK")))
A81: =IF('Employee Master'!A81="","",'Employee Master'!A81) | B81: =IF($A81="","",'Employee Master'!B81) | C81: =IF($A81="","",'Employee Master'!C81) | AI81: =IF($A81="","",COUNTIF($D81:$AH81,"P")) | AJ81: =IF($A81="","",COUNTIF($D81:$AH81,"AA")+COUNTIF($D81:$AH81,"SA")+COUNTIF($D81:$AH81,"EA")+COUNTIF($D81:$AH81,"OR")+COUNTIF($D81:$AH81,"WO")+COUNTIF($D81:$AH81,"H")) | AK81: =IF($A81="","",COUNTIF($D81:$AH81,"UA")) | AL81: =IF($A81="","",COUNTIF($D81:$AH81,"SA")) | AM81: =IF($A81="","",COUNTIF($D81:$AH81,"EA")) | AN81: =IF($A81="","",COUNTIF($D81:$AH81,"OR")) | AO81: =IF($A81="","",COUNTIF($D81:$AH81,"WO")) | AP81: =IF($A81="","",COUNTIF($D81:$AH81,"H")) | AS81: =IF(OR($A81="",$I$2=0),"",AI81/$I$2) | AT81: =IF(OR($A81="",$I$2=0),"",(AI81+AJ81)/$I$2) | AU81: =IF($A81="","",IF(OR($AK81>=2,AND($AK81>0,$AQ81=""),AND($AK81>0,$AR81="")),"CRITICAL",IF(OR($AK81=1,AND(($AJ81)>0,$AQ81=""),AND(($AJ81)>0,$AR81=""),$AT81<0.95),"REVIEW","OK")))
A82: =IF('Employee Master'!A82="","",'Employee Master'!A82) | B82: =IF($A82="","",'Employee Master'!B82) | C82: =IF($A82="","",'Employee Master'!C82) | AI82: =IF($A82="","",COUNTIF($D82:$AH82,"P")) | AJ82: =IF($A82="","",COUNTIF($D82:$AH82,"AA")+COUNTIF($D82:$AH82,"SA")+COUNTIF($D82:$AH82,"EA")+COUNTIF($D82:$AH82,"OR")+COUNTIF($D82:$AH82,"WO")+COUNTIF($D82:$AH82,"H")) | AK82: =IF($A82="","",COUNTIF($D82:$AH82,"UA")) | AL82: =IF($A82="","",COUNTIF($D82:$AH82,"SA")) | AM82: =IF($A82="","",COUNTIF($D82:$AH82,"EA")) | AN82: =IF($A82="","",COUNTIF($D82:$AH82,"OR")) | AO82: =IF($A82="","",COUNTIF($D82:$AH82,"WO")) | AP82: =IF($A82="","",COUNTIF($D82:$AH82,"H")) | AS82: =IF(OR($A82="",$I$2=0),"",AI82/$I$2) | AT82: =IF(OR($A82="",$I$2=0),"",(AI82+AJ82)/$I$2) | AU82: =IF($A82="","",IF(OR($AK82>=2,AND($AK82>0,$AQ82=""),AND($AK82>0,$AR82="")),"CRITICAL",IF(OR($AK82=1,AND(($AJ82)>0,$AQ82=""),AND(($AJ82)>0,$AR82=""),$AT82<0.95),"REVIEW","OK")))
A83: =IF('Employee Master'!A83="","",'Employee Master'!A83) | B83: =IF($A83="","",'Employee Master'!B83) | C83: =IF($A83="","",'Employee Master'!C83) | AI83: =IF($A83="","",COUNTIF($D83:$AH83,"P")) | AJ83: =IF($A83="","",COUNTIF($D83:$AH83,"AA")+COUNTIF($D83:$AH83,"SA")+COUNTIF($D83:$AH83,"EA")+COUNTIF($D83:$AH83,"OR")+COUNTIF($D83:$AH83,"WO")+COUNTIF($D83:$AH83,"H")) | AK83: =IF($A83="","",COUNTIF($D83:$AH83,"UA")) | AL83: =IF($A83="","",COUNTIF($D83:$AH83,"SA")) | AM83: =IF($A83="","",COUNTIF($D83:$AH83,"EA")) | AN83: =IF($A83="","",COUNTIF($D83:$AH83,"OR")) | AO83: =IF($A83="","",COUNTIF($D83:$AH83,"WO")) | AP83: =IF($A83="","",COUNTIF($D83:$AH83,"H")) | AS83: =IF(OR($A83="",$I$2=0),"",AI83/$I$2) | AT83: =IF(OR($A83="",$I$2=0),"",(AI83+AJ83)/$I$2) | AU83: =IF($A83="","",IF(OR($AK83>=2,AND($AK83>0,$AQ83=""),AND($AK83>0,$AR83="")),"CRITICAL",IF(OR($AK83=1,AND(($AJ83)>0,$AQ83=""),AND(($AJ83)>0,$AR83=""),$AT83<0.95),"REVIEW","OK")))
... A107: =IF('Employee Master'!A107="","",'Employee Master'!A107) | B107: =IF($A107="","",'Employee Master'!B107) | C107: =IF($A107="","",'Employee Master'!C107) | AI107: =IF($A107="","",COUNTIF($D107:$AH107,"P")) | AJ107: =IF($A107="","",COUNTIF($D107:$AH107,"AA")+COUNTIF($D107:$AH107,"SA")+COUNTIF($D107:$AH107,"EA")+COUNTIF($D107:$AH107,"OR")+COUNTIF($D107:$AH107,"WO")+COUNTIF($D107:$AH107,"H")) | AK107: =IF($A107="","",COUNTIF($D107:$AH107,"UA")) | AL107: =IF($A107="","",COUNTIF($D107:$AH107,"SA")) | AM107: =IF($A107="","",COUNTIF($D107:$AH107,"EA")) | AN107: =IF($A107="","",COUNTIF($D107:$AH107,"OR")) | AO107: =IF($A107="","",COUNTIF($D107:$AH107,"WO")) | AP107: =IF($A107="","",COUNTIF($D107:$AH107,"H")) | AS107: =IF(OR($A107="",$I$2=0),"",AI107/$I$2) | AT107: =IF(OR($A107="",$I$2=0),"",(AI107+AJ107)/$I$2) | AU107: =IF($A107="","",IF(OR($AK107>=2,AND($AK107>0,$AQ107=""),AND($AK107>0,$AR107="")),"CRITICAL",IF(OR($AK107=1,AND(($AJ107)>0,$AQ107=""),AND(($AJ107)>0,$AR107=""),$AT107<0.95),"REVIEW","OK")))

Sheet Feb
A1: February Monthly Staff Attendance Master Register
A2: Month Start | B2: =DATE('Control Panel'!$B$3,2,1) | D2: Reporting Month | E2: =TEXT($B$2,"mmmm yyyy") | H2: Working Days | I2: =COUNTA($D$4:$AH$4) | K2: Active Employees | L2: =COUNTIFS('Employee Master'!A8:A107,"?*",'Employee Master'!D8:D107,"Active") | AW2: Status | AX2: Meaning
A3: Enter daily statuses using: P, AA, UA, SA, EA, OR, WO, H. All calendar days from the 1st to the last day of the month are treated as work days, including weekends and public holidays, unless an absence status is entered. | AW3: P | AX3: Present
D4: =IF(COLUMN()-3<=DAY(DATE(YEAR($B$2),MONTH($B$2)+1,0)),DATE(YEAR($B$2),MONTH($B$2),COLUMN()-3),"") | E4: =IF(COLUMN()-3<=DAY(DATE(YEAR($B$2),MONTH($B$2)+1,0)),DATE(YEAR($B$2),MONTH($B$2),COLUMN()-3),"") | F4: =IF(COLUMN()-3<=DAY(DATE(YEAR($B$2),MONTH($B$2)+1,0)),DATE(YEAR($B$2),MONTH($B$2),COLUMN()-3),"") | G4: =IF(COLUMN()-3<=DAY(DATE(YEAR($B$2),MONTH($B$2)+1,0)),DATE(YEAR($B$2),MONTH($B$2),COLUMN()-3),"") | H4: =IF(COLUMN()-3<=DAY(DATE(YEAR($B$2),MONTH($B$2)+1,0)),DATE(YEAR($B$2),MONTH($B$2),COLUMN()-3),"") | I4: =IF(COLUMN()-3<=DAY(DATE(YEAR($B$2),MONTH($B$2)+1,0)),DATE(YEAR($B$2),MONTH($B$2),COLUMN()-3),"") | J4: =IF(COLUMN()-3<=DAY(DATE(YEAR($B$2),MONTH($B$2)+1,0)),DATE(YEAR($B$2),MONTH($B$2),COLUMN()-3),"") | K4: =IF(COLUMN()-3<=DAY(DATE(YEAR($B$2),MONTH($B$2)+1,0)),DATE(YEAR($B$2),MONTH($B$2),COLUMN()-3),"") | ... AH4: =IF(COLUMN()-3<=DAY(DATE(YEAR($B$2),MONTH($B$2)+1,0)),DATE(YEAR($B$2),MONTH($B$2),COLUMN()-3),"") | AV4: AA | AW4: Authorised Attendance | AX4: Authorised Attendance
A5: Employee Details | D5: Daily Attendance Status | AI5: Monthly Summary & Forensic Review | AV5: UA | AW5: Unauthorised Attendance | AX5: Unauthorised Attendance
A6: Employee ID | B6: Employee Name | C6: Reported To | D6: =IF(D$4="","",DAY(D$4)) | E6: =IF(E$4="","",DAY(E$4)) | F6: =IF(F$4="","",DAY(F$4)) | G6: =IF(G$4="","",DAY(G$4)) | H6: =IF(H$4="","",DAY(H$4)) | I6: =IF(I$4="","",DAY(I$4)) | J6: =IF(J$4="","",DAY(J$4)) | K6: =IF(K$4="","",DAY(K$4)) | ... AH6: =IF(AH$4="","",DAY(AH$4)) | AI6: Present | AJ6: Authorised Absence | AK6: Unauthorised Absence | AL6: Sickness Absence | AM6: Emergency Absence | AN6: Other Reason | AO6: Weekend Off | AP6: Holiday | AQ6: Absence Reason | AR6: Remarks | AS6: Attendance % | AT6: Compliance % | AU6: Forensic Flag | AV6: SA | AW6: Sick Absence | AX6: Sick Absence
D7: =IF(D$4="","","WD") | E7: =IF(E$4="","","WD") | F7: =IF(F$4="","","WD") | G7: =IF(G$4="","","WD") | H7: =IF(H$4="","","WD") | I7: =IF(I$4="","","WD") | J7: =IF(J$4="","","WD") | K7: =IF(K$4="","","WD") | ... AH7: =IF(AH$4="","","WD") | AV7: EA | AW7: Emergency Absence | AX7: Emergency Absence
A8: =IF('Employee Master'!A8="","",'Employee Master'!A8) | B8: =IF($A8="","",'Employee Master'!B8) | C8: =IF($A8="","",'Employee Master'!C8) | D8: P | E8: UA | F8: UA | G8: UA | H8: UA | I8: UA | J8: UA | K8: UA | L8: UA | M8: UA | N8: UA | O8: UA | P8: UA | Q8: UA | R8: UA | S8: UA | T8: UA | U8: UA | V8: UA | W8: UA | X8: UA | Y8: UA | Z8: UA | AA8: UA | AB8: UA | AC8: UA | AD8: UA | AE8: UA | AI8: =IF($A8="","",COUNTIF($D8:$AH8,"P")) | AJ8: =IF($A8="","",COUNTIF($D8:$AH8,"AA")+COUNTIF($D8:$AH8,"SA")+COUNTIF($D8:$AH8,"EA")+COUNTIF($D8:$AH8,"OR")+COUNTIF($D8:$AH8,"WO")+COUNTIF($D8:$AH8,"H")) | AK8: =IF($A8="","",COUNTIF($D8:$AH8,"UA")) | AL8: =IF($A8="","",COUNTIF($D8:$AH8,"SA")) | AM8: =IF($A8="","",COUNTIF($D8:$AH8,"EA")) | AN8: =IF($A8="","",COUNTIF($D8:$AH8,"OR")) | AO8: =IF($A8="","",COUNTIF($D8:$AH8,"WO")) | AP8: =IF($A8="","",COUNTIF($D8:$AH8,"H")) | AS8: =IF(OR($A8="",$I$2=0),"",AI8/$I$2) | AT8: =IF(OR($A8="",$I$2=0),"",(AI8+AJ8)/$I$2) | AU8: =IF($A8="","",IF(OR($AK8>=2,AND($AK8>0,$AQ8=""),AND($AK8>0,$AR8="")),"CRITICAL",IF(OR($AK8=1,AND(($AJ8)>0,$AQ8=""),AND(($AJ8)>0,$AR8=""),$AT8<0.95),"REVIEW","OK"))) | AV8: OR | AW8: Other Reason | AX8: Other Reason
A9: =IF('Employee Master'!A9="","",'Employee Master'!A9) | B9: =IF($A9="","",'Employee Master'!B9) | C9: =IF($A9="","",'Employee Master'!C9) | D9: UA | E9: UA | F9: P | G9: P | H9: P | I9: P | J9: P | K9: P | L9: P | M9: P | N9: P | O9: P | P9: P | Q9: P | R9: P | S9: P | T9: P | U9: P | V9: P | W9: P | X9: P | Y9: P | Z9: P | AA9: P | AB9: P | AC9: P | AD9: P | AE9: P | AI9: =IF($A9="","",COUNTIF($D9:$AH9,"P")) | AJ9: =IF($A9="","",COUNTIF($D9:$AH9,"AA")+COUNTIF($D9:$AH9,"SA")+COUNTIF($D9:$AH9,"EA")+COUNTIF($D9:$AH9,"OR")+COUNTIF($D9:$AH9,"WO")+COUNTIF($D9:$AH9,"H")) | AK9: =IF($A9="","",COUNTIF($D9:$AH9,"UA")) | AL9: =IF($A9="","",COUNTIF($D9:$AH9,"SA")) | AM9: =IF($A9="","",COUNTIF($D9:$AH9,"EA")) | AN9: =IF($A9="","",COUNTIF($D9:$AH9,"OR")) | AO9: =IF($A9="","",COUNTIF($D9:$AH9,"WO")) | AP9: =IF($A9="","",COUNTIF($D9:$AH9,"H")) | AS9: =IF(OR($A9="",$I$2=0),"",AI9/$I$2) | AT9: =IF(OR($A9="",$I$2=0),"",(AI9+AJ9)/$I$2) | AU9: =IF($A9="","",IF(OR($AK9>=2,AND($AK9>0,$AQ9=""),AND($AK9>0,$AR9="")),"CRITICAL",IF(OR($AK9=1,AND(($AJ9)>0,$AQ9=""),AND(($AJ9)>0,$AR9=""),$AT9<0.95),"REVIEW","OK"))) | AV9: WO | AW9: Weekend Off / Approved Rest Day | AX9: Weekend Off
A10: =IF('Employee Master'!A10="","",'Employee Master'!A10) | B10: =IF($A10="","",'Employee Master'!B10) | C10: =IF($A10="","",'Employee Master'!C10) | D10: P | E10: P | F10: P | G10: P | H10: P | I10: P | J10: P | K10: P | L10: P | M10: P | N10: P | O10: P | P10: P | Q10: UA | R10: UA | S10: UA | T10: UA | U10: UA | V10: UA | W10: UA | X10: UA | Y10: UA | Z10: P | AA10: P | AB10: P | AC10: P | AD10: P | AE10: P | AI10: =IF($A10="","",COUNTIF($D10:$AH10,"P")) | AJ10: =IF($A10="","",COUNTIF($D10:$AH10,"AA")+COUNTIF($D10:$AH10,"SA")+COUNTIF($D10:$AH10,"EA")+COUNTIF($D10:$AH10,"OR")+COUNTIF($D10:$AH10,"WO")+COUNTIF($D10:$AH10,"H")) | AK10: =IF($A10="","",COUNTIF($D10:$AH10,"UA")) | AL10: =IF($A10="","",COUNTIF($D10:$AH10,"SA")) | AM10: =IF($A10="","",COUNTIF($D10:$AH10,"EA")) | AN10: =IF($A10="","",COUNTIF($D10:$AH10,"OR")) | AO10: =IF($A10="","",COUNTIF($D10:$AH10,"WO")) | AP10: =IF($A10="","",COUNTIF($D10:$AH10,"H")) | AS10: =IF(OR($A10="",$I$2=0),"",AI10/$I$2) | AT10: =IF(OR($A10="",$I$2=0),"",(AI10+AJ10)/$I$2) | AU10: =IF($A10="","",IF(OR($AK10>=2,AND($AK10>0,$AQ10=""),AND($AK10>0,$AR10="")),"CRITICAL",IF(OR($AK10=1,AND(($AJ10)>0,$AQ10=""),AND(($AJ10)>0,$AR10=""),$AT10<0.95),"REVIEW","OK"))) | AV10: H | AW10: Holiday / Approved Leave | AX10: Holiday
A11: =IF('Employee Master'!A11="","",'Employee Master'!A11) | B11: =IF($A11="","",'Employee Master'!B11) | C11: =IF($A11="","",'Employee Master'!C11) | D11: UA | E11: UA | F11: UA | G11: UA | H11: UA | I11: UA | J11: UA | K11: UA | L11: UA | M11: UA | N11: UA | O11: UA | P11: UA | Q11: UA | R11: UA | S11: UA | T11: UA | U11: UA | V11: UA | W11: UA | X11: UA | Y11: UA | Z11: P | AA11: P | AB11: P | AC11: P | AD11: P | AE11: P | AI11: =IF($A11="","",COUNTIF($D11:$AH11,"P")) | AJ11: =IF($A11="","",COUNTIF($D11:$AH11,"AA")+COUNTIF($D11:$AH11,"SA")+COUNTIF($D11:$AH11,"EA")+COUNTIF($D11:$AH11,"OR")+COUNTIF($D11:$AH11,"WO")+COUNTIF($D11:$AH11,"H")) | AK11: =IF($A11="","",COUNTIF($D11:$AH11,"UA")) | AL11: =IF($A11="","",COUNTIF($D11:$AH11,"SA")) | AM11: =IF($A11="","",COUNTIF($D11:$AH11,"EA")) | AN11: =IF($A11="","",COUNTIF($D11:$AH11,"OR")) | AO11: =IF($A11="","",COUNTIF($D11:$AH11,"WO")) | AP11: =IF($A11="","",COUNTIF($D11:$AH11,"H")) | AS11: =IF(OR($A11="",$I$2=0),"",AI11/$I$2) | AT11: =IF(OR($A11="",$I$2=0),"",(AI11+AJ11)/$I$2) | AU11: =IF($A11="","",IF(OR($AK11>=2,AND($AK11>0,$AQ11=""),AND($AK11>0,$AR11="")),"CRITICAL",IF(OR($AK11=1,AND(($AJ11)>0,$AQ11=""),AND(($AJ11)>0,$AR11=""),$AT11<0.95),"REVIEW","OK")))
A12: =IF('Employee Master'!A12="","",'Employee Master'!A12) | B12: =IF($A12="","",'Employee Master'!B12) | C12: =IF($A12="","",'Employee Master'!C12) | D12: P | E12: UA | F12: UA | G12: UA | H12: UA | I12: UA | J12: UA | K12: UA | L12: UA | M12: UA | N12: UA | O12: UA | P12: UA | Q12: UA | R12: UA | S12: UA | T12: UA | U12: UA | V12: UA | W12: UA | X12: UA | Y12: UA | Z12: UA | AA12: UA | AB12: UA | AC12: P | AD12: P | AE12: P | AI12: =IF($A12="","",COUNTIF($D12:$AH12,"P")) | AJ12: =IF($A12="","",COUNTIF($D12:$AH12,"AA")+COUNTIF($D12:$AH12,"SA")+COUNTIF($D12:$AH12,"EA")+COUNTIF($D12:$AH12,"OR")+COUNTIF($D12:$AH12,"WO")+COUNTIF($D12:$AH12,"H")) | AK12: =IF($A12="","",COUNTIF($D12:$AH12,"UA")) | AL12: =IF($A12="","",COUNTIF($D12:$AH12,"SA")) | AM12: =IF($A12="","",COUNTIF($D12:$AH12,"EA")) | AN12: =IF($A12="","",COUNTIF($D12:$AH12,"OR")) | AO12: =IF($A12="","",COUNTIF($D12:$AH12,"WO")) | AP12: =IF($A12="","",COUNTIF($D12:$AH12,"H")) | AS12: =IF(OR($A12="",$I$2=0),"",AI12/$I$2) | AT12: =IF(OR($A12="",$I$2=0),"",(AI12+AJ12)/$I$2) | AU12: =IF($A12="","",IF(OR($AK12>=2,AND($AK12>0,$AQ12=""),AND($AK12>0,$AR12="")),"CRITICAL",IF(OR($AK12=1,AND(($AJ12)>0,$AQ12=""),AND(($AJ12)>0,$AR12=""),$AT12<0.95),"REVIEW","OK")))
A13: =IF('Employee Master'!A13="","",'Employee Master'!A13) | B13: =IF($A13="","",'Employee Master'!B13) | C13: =IF($A13="","",'Employee Master'!C13) | D13: P | E13: P | F13: P | G13: P | H13: P | I13: P | J13: P | K13: P | L13: P | M13: P | N13: P | O13: P | P13: P | Q13: P | R13: P | S13: P | T13: P | U13: P | V13: P | W13: P | X13: P | Y13: P | Z13: P | AA13: P | AB13: P | AC13: P | AD13: P | AE13: P | AI13: =IF($A13="","",COUNTIF($D13:$AH13,"P")) | AJ13: =IF($A13="","",COUNTIF($D13:$AH13,"AA")+COUNTIF($D13:$AH13,"SA")+COUNTIF($D13:$AH13,"EA")+COUNTIF($D13:$AH13,"OR")+COUNTIF($D13:$AH13,"WO")+COUNTIF($D13:$AH13,"H")) | AK13: =IF($A13="","",COUNTIF($D13:$AH13,"UA")) | AL13: =IF($A13="","",COUNTIF($D13:$AH13,"SA")) | AM13: =IF($A13="","",COUNTIF($D13:$AH13,"EA")) | AN13: =IF($A13="","",COUNTIF($D13:$AH13,"OR")) | AO13: =IF($A13="","",COUNTIF($D13:$AH13,"WO")) | AP13: =IF($A13="","",COUNTIF($D13:$AH13,"H")) | AS13: =IF(OR($A13="",$I$2=0),"",AI13/$I$2) | AT13: =IF(OR($A13="",$I$2=0),"",(AI13+AJ13)/$I$2) | AU13: =IF($A13="","",IF(OR($AK13>=2,AND($AK13>0,$AQ13=""),AND($AK13>0,$AR13="")),"CRITICAL",IF(OR($AK13=1,AND(($AJ13)>0,$AQ13=""),AND(($AJ13)>0,$AR13=""),$AT13<0.95),"REVIEW","OK")))
A14: =IF('Employee Master'!A14="","",'Employee Master'!A14) | B14: =IF($A14="","",'Employee Master'!B14) | C14: =IF($A14="","",'Employee Master'!C14) | D14: P | E14: P | F14: P | G14: P | H14: P | I14: P | J14: P | K14: P | L14: P | M14: P | N14: P | O14: P | P14: P | Q14: P | R14: P | S14: P | T14: P | U14: P | V14: P | W14: P | X14: P | Y14: P | Z14: P | AA14: P | AB14: P | AC14: P | AD14: P | AE14: P | AI14: =IF($A14="","",COUNTIF($D14:$AH14,"P")) | AJ14: =IF($A14="","",COUNTIF($D14:$AH14,"AA")+COUNTIF($D14:$AH14,"SA")+COUNTIF($D14:$AH14,"EA")+COUNTIF($D14:$AH14,"OR")+COUNTIF($D14:$AH14,"WO")+COUNTIF($D14:$AH14,"H")) | AK14: =IF($A14="","",COUNTIF($D14:$AH14,"UA")) | AL14: =IF($A14="","",COUNTIF($D14:$AH14,"SA")) | AM14: =IF($A14="","",COUNTIF($D14:$AH14,"EA")) | AN14: =IF($A14="","",COUNTIF($D14:$AH14,"OR")) | AO14: =IF($A14="","",COUNTIF($D14:$AH14,"WO")) | AP14: =IF($A14="","",COUNTIF($D14:$AH14,"H")) | AS14: =IF(OR($A14="",$I$2=0),"",AI14/$I$2) | AT14: =IF(OR($A14="",$I$2=0),"",(AI14+AJ14)/$I$2) | AU14: =IF($A14="","",IF(OR($AK14>=2,AND($AK14>0,$AQ14=""),AND($AK14>0,$AR14="")),"CRITICAL",IF(OR($AK14=1,AND(($AJ14)>0,$AQ14=""),AND(($AJ14)>0,$AR14=""),$AT14<0.95),"REVIEW","OK")))
A15: =IF('Employee Master'!A15="","",'Employee Master'!A15) | B15: =IF($A15="","",'Employee Master'!B15) | C15: =IF($A15="","",'Employee Master'!C15) | D15: P | E15: P | F15: P | G15: P | H15: P | I15: P | J15: P | K15: P | L15: UA | M15: UA | N15: UA | O15: UA | P15: UA | Q15: UA | R15: UA | S15: UA | T15: UA | U15: UA | V15: UA | W15: UA | X15: P | Y15: P | Z15: P | AA15: P | AB15: P | AC15: P | AD15: P | AE15: P | AI15: =IF($A15="","",COUNTIF($D15:$AH15,"P")) | AJ15: =IF($A15="","",COUNTIF($D15:$AH15,"AA")+COUNTIF($D15:$AH15,"SA")+COUNTIF($D15:$AH15,"EA")+COUNTIF($D15:$AH15,"OR")+COUNTIF($D15:$AH15,"WO")+COUNTIF($D15:$AH15,"H")) | AK15: =IF($A15="","",COUNTIF($D15:$AH15,"UA")) | AL15: =IF($A15="","",COUNTIF($D15:$AH15,"SA")) | AM15: =IF($A15="","",COUNTIF($D15:$AH15,"EA")) | AN15: =IF($A15="","",COUNTIF($D15:$AH15,"OR")) | AO15: =IF($A15="","",COUNTIF($D15:$AH15,"WO")) | AP15: =IF($A15="","",COUNTIF($D15:$AH15,"H")) | AS15: =IF(OR($A15="",$I$2=0),"",AI15/$I$2) | AT15: =IF(OR($A15="",$I$2=0),"",(AI15+AJ15)/$I$2) | AU15: =IF($A15="","",IF(OR($AK15>=2,AND($AK15>0,$AQ15=""),AND($AK15>0,$AR15="")),"CRITICAL",IF(OR($AK15=1,AND(($AJ15)>0,$AQ15=""),AND(($AJ15)>0,$AR15=""),$AT15<0.95),"REVIEW","OK")))
A16: =IF('Employee Master'!A16="","",'Employee Master'!A16) | B16: =IF($A16="","",'Employee Master'!B16) | C16: =IF($A16="","",'Employee Master'!C16) | D16: P | E16: P | F16: P | G16: P | H16: P | I16: P | J16: P | K16: P | L16: P | M16: UA | N16: P | O16: P | P16: P | Q16: P | R16: P | S16: P | T16: P | U16: P | V16: P | W16: P | X16: P | Y16: P | Z16: P | AA16: P | AB16: P | AC16: P | AD16: P | AE16: P | AI16: =IF($A16="","",COUNTIF($D16:$AH16,"P")) | AJ16: =IF($A16="","",COUNTIF($D16:$AH16,"AA")+COUNTIF($D16:$AH16,"SA")+COUNTIF($D16:$AH16,"EA")+COUNTIF($D16:$AH16,"OR")+COUNTIF($D16:$AH16,"WO")+COUNTIF($D16:$AH16,"H")) | AK16: =IF($A16="","",COUNTIF($D16:$AH16,"UA")) | AL16: =IF($A16="","",COUNTIF($D16:$AH16,"SA")) | AM16: =IF($A16="","",COUNTIF($D16:$AH16,"EA")) | AN16: =IF($A16="","",COUNTIF($D16:$AH16,"OR")) | AO16: =IF($A16="","",COUNTIF($D16:$AH16,"WO")) | AP16: =IF($A16="","",COUNTIF($D16:$AH16,"H")) | AS16: =IF(OR($A16="",$I$2=0),"",AI16/$I$2) | AT16: =IF(OR($A16="",$I$2=0),"",(AI16+AJ16)/$I$2) | AU16: =IF($A16="","",IF(OR($AK16>=2,AND($AK16>0,$AQ16=""),AND($AK16>0,$AR16="")),"CRITICAL",IF(OR($AK16=1,AND(($AJ16)>0,$AQ16=""),AND(($AJ16)>0,$AR16=""),$AT16<0.95),"REVIEW","OK")))
A17: =IF('Employee Master'!A17="","",'Employee Master'!A17) | B17: =IF($A17="","",'Employee Master'!B17) | C17: =IF($A17="","",'Employee Master'!C17) | D17: P | E17: P | F17: P | G17: P | H17: P | I17: P | J17: P | K17: P | L17: P | M17: P | N17: P | O17: P | P17: P | Q17: P | R17: P | S17: P | T17: P | U17: P | V17: P | W17: P | X17: P | Y17: P | Z17: P | AA17: P | AB17: P | AC17: P | AD17: P | AE17: P | AI17: =IF($A17="","",COUNTIF($D17:$AH17,"P")) | AJ17: =IF($A17="","",COUNTIF($D17:$AH17,"AA")+COUNTIF($D17:$AH17,"SA")+COUNTIF($D17:$AH17,"EA")+COUNTIF($D17:$AH17,"OR")+COUNTIF($D17:$AH17,"WO")+COUNTIF($D17:$AH17,"H")) | AK17: =IF($A17="","",COUNTIF($D17:$AH17,"UA")) | AL17: =IF($A17="","",COUNTIF($D17:$AH17,"SA")) | AM17: =IF($A17="","",COUNTIF($D17:$AH17,"EA")) | AN17: =IF($A17="","",COUNTIF($D17:$AH17,"OR")) | AO17: =IF($A17="","",COUNTIF($D17:$AH17,"WO")) | AP17: =IF($A17="","",COUNTIF($D17:$AH17,"H")) | AS17: =IF(OR($A17="",$I$2=0),"",AI17/$I$2) | AT17: =IF(OR($A17="",$I$2=0),"",(AI17+AJ17)/$I$2) | AU17: =IF($A17="","",IF(OR($AK17>=2,AND($AK17>0,$AQ17=""),AND($AK17>0,$AR17="")),"CRITICAL",IF(OR($AK17=1,AND(($AJ17)>0,$AQ17=""),AND(($AJ17)>0,$AR17=""),$AT17<0.95),"REVIEW","OK")))
A18: =IF('Employee Master'!A18="","",'Employee Master'!A18) | B18: =IF($A18="","",'Employee Master'!B18) | C18: =IF($A18="","",'Employee Master'!C18) | D18: P | E18: P | F18: P | G18: P | H18: P | I18: P | J18: P | K18: P | L18: P | M18: P | N18: P | O18: P | P18: P | Q18: P | R18: P | S18: P | T18: P | U18: P | V18: P | W18: P | X18: P | Y18: P | Z18: P | AA18: P | AB18: P | AC18: P | AD18: P | AE18: P | AI18: =IF($A18="","",COUNTIF($D18:$AH18,"P")) | AJ18: =IF($A18="","",COUNTIF($D18:$AH18,"AA")+COUNTIF($D18:$AH18,"SA")+COUNTIF($D18:$AH18,"EA")+COUNTIF($D18:$AH18,"OR")+COUNTIF($D18:$AH18,"WO")+COUNTIF($D18:$AH18,"H")) | AK18: =IF($A18="","",COUNTIF($D18:$AH18,"UA")) | AL18: =IF($A18="","",COUNTIF($D18:$AH18,"SA")) | AM18: =IF($A18="","",COUNTIF($D18:$AH18,"EA")) | AN18: =IF($A18="","",COUNTIF($D18:$AH18,"OR")) | AO18: =IF($A18="","",COUNTIF($D18:$AH18,"WO")) | AP18: =IF($A18="","",COUNTIF($D18:$AH18,"H")) | AS18: =IF(OR($A18="",$I$2=0),"",AI18/$I$2) | AT18: =IF(OR($A18="",$I$2=0),"",(AI18+AJ18)/$I$2) | AU18: =IF($A18="","",IF(OR($AK18>=2,AND($AK18>0,$AQ18=""),AND($AK18>0,$AR18="")),"CRITICAL",IF(OR($AK18=1,AND(($AJ18)>0,$AQ18=""),AND(($AJ18)>0,$AR18=""),$AT18<0.95),"REVIEW","OK")))
A19: =IF('Employee Master'!A19="","",'Employee Master'!A19) | B19: =IF($A19="","",'Employee Master'!B19) | C19: =IF($A19="","",'Employee Master'!C19) | D19: P | E19: P | F19: P | G19: P | H19: P | I19: P | J19: P | K19: P | L19: P | M19: P | N19: P | O19: P | P19: UA | Q19: P | R19: P | S19: P | T19: P | U19: P | V19: P | W19: P | X19: P | Y19: P | Z19: P | AA19: P | AB19: P | AC19: P | AD19: P | AE19: P | AI19: =IF($A19="","",COUNTIF($D19:$AH19,"P")) | AJ19: =IF($A19="","",COUNTIF($D19:$AH19,"AA")+COUNTIF($D19:$AH19,"SA")+COUNTIF($D19:$AH19,"EA")+COUNTIF($D19:$AH19,"OR")+COUNTIF($D19:$AH19,"WO")+COUNTIF($D19:$AH19,"H")) | AK19: =IF($A19="","",COUNTIF($D19:$AH19,"UA")) | AL19: =IF($A19="","",COUNTIF($D19:$AH19,"SA")) | AM19: =IF($A19="","",COUNTIF($D19:$AH19,"EA")) | AN19: =IF($A19="","",COUNTIF($D19:$AH19,"OR")) | AO19: =IF($A19="","",COUNTIF($D19:$AH19,"WO")) | AP19: =IF($A19="","",COUNTIF($D19:$AH19,"H")) | AS19: =IF(OR($A19="",$I$2=0),"",AI19/$I$2) | AT19: =IF(OR($A19="",$I$2=0),"",(AI19+AJ19)/$I$2) | AU19: =IF($A19="","",IF(OR($AK19>=2,AND($AK19>0,$AQ19=""),AND($AK19>0,$AR19="")),"CRITICAL",IF(OR($AK19=1,AND(($AJ19)>0,$AQ19=""),AND(($AJ19)>0,$AR19=""),$AT19<0.95),"REVIEW","OK")))
A20: =IF('Employee Master'!A20="","",'Employee Master'!A20) | B20: =IF($A20="","",'Employee Master'!B20) | C20: =IF($A20="","",'Employee Master'!C20) | D20: P | E20: P | F20: P | G20: P | H20: P | I20: P | J20: P | K20: P | L20: P | M20: P | N20: P | O20: P | P20: P | Q20: P | R20: P | S20: P | T20: P | U20: P | V20: P | W20: P | X20: P | Y20: P | Z20: P | AA20: P | AB20: P | AC20: P | AD20: P | AE20: P | AI20: =IF($A20="","",COUNTIF($D20:$AH20,"P")) | AJ20: =IF($A20="","",COUNTIF($D20:$AH20,"AA")+COUNTIF($D20:$AH20,"SA")+COUNTIF($D20:$AH20,"EA")+COUNTIF($D20:$AH20,"OR")+COUNTIF($D20:$AH20,"WO")+COUNTIF($D20:$AH20,"H")) | AK20: =IF($A20="","",COUNTIF($D20:$AH20,"UA")) | AL20: =IF($A20="","",COUNTIF($D20:$AH20,"SA")) | AM20: =IF($A20="","",COUNTIF($D20:$AH20,"EA")) | AN20: =IF($A20="","",COUNTIF($D20:$AH20,"OR")) | AO20: =IF($A20="","",COUNTIF($D20:$AH20,"WO")) | AP20: =IF($A20="","",COUNTIF($D20:$AH20,"H")) | AS20: =IF(OR($A20="",$I$2=0),"",AI20/$I$2) | AT20: =IF(OR($A20="",$I$2=0),"",(AI20+AJ20)/$I$2) | AU20: =IF($A20="","",IF(OR($AK20>=2,AND($AK20>0,$AQ20=""),AND($AK20>0,$AR20="")),"CRITICAL",IF(OR($AK20=1,AND(($AJ20)>0,$AQ20=""),AND(($AJ20)>0,$AR20=""),$AT20<0.95),"REVIEW","OK")))
A21: =IF('Employee Master'!A21="","",'Employee Master'!A21) | B21: =IF($A21="","",'Employee Master'!B21) | C21: =IF($A21="","",'Employee Master'!C21) | D21: UA | E21: UA | F21: UA | G21: UA | H21: UA | I21: UA | J21: UA | K21: UA | L21: UA | M21: UA | N21: UA | O21: UA | P21: UA | Q21: UA | R21: UA | S21: UA | T21: UA | U21: UA | V21: UA | W21: UA | X21: UA | Y21: UA | Z21: UA | AA21: P | AB21: P | AC21: P | AD21: P | AE21: P | AI21: =IF($A21="","",COUNTIF($D21:$AH21,"P")) | AJ21: =IF($A21="","",COUNTIF($D21:$AH21,"AA")+COUNTIF($D21:$AH21,"SA")+COUNTIF($D21:$AH21,"EA")+COUNTIF($D21:$AH21,"OR")+COUNTIF($D21:$AH21,"WO")+COUNTIF($D21:$AH21,"H")) | AK21: =IF($A21="","",COUNTIF($D21:$AH21,"UA")) | AL21: =IF($A21="","",COUNTIF($D21:$AH21,"SA")) | AM21: =IF($A21="","",COUNTIF($D21:$AH21,"EA")) | AN21: =IF($A21="","",COUNTIF($D21:$AH21,"OR")) | AO21: =IF($A21="","",COUNTIF($D21:$AH21,"WO")) | AP21: =IF($A21="","",COUNTIF($D21:$AH21,"H")) | AS21: =IF(OR($A21="",$I$2=0),"",AI21/$I$2) | AT21: =IF(OR($A21="",$I$2=0),"",(AI21+AJ21)/$I$2) | AU21: =IF($A21="","",IF(OR($AK21>=2,AND($AK21>0,$AQ21=""),AND($AK21>0,$AR21="")),"CRITICAL",IF(OR($AK21=1,AND(($AJ21)>0,$AQ21=""),AND(($AJ21)>0,$AR21=""),$AT21<0.95),"REVIEW","OK")))
A22: =IF('Employee Master'!A22="","",'Employee Master'!A22) | B22: =IF($A22="","",'Employee Master'!B22) | C22: =IF($A22="","",'Employee Master'!C22) | D22: P | E22: P | F22: P | G22: P | H22: P | I22: P | J22: P | K22: P | L22: P | M22: P | N22: P | O22: P | P22: P | Q22: P | R22: P | S22: P | T22: P | U22: P | V22: P | W22: P | X22: P | Y22: P | Z22: P | AA22: P | AB22: P | AC22: P | AD22: P | AE22: P | AI22: =IF($A22="","",COUNTIF($D22:$AH22,"P")) | AJ22: =IF($A22="","",COUNTIF($D22:$AH22,"AA")+COUNTIF($D22:$AH22,"SA")+COUNTIF($D22:$AH22,"EA")+COUNTIF($D22:$AH22,"OR")+COUNTIF($D22:$AH22,"WO")+COUNTIF($D22:$AH22,"H")) | AK22: =IF($A22="","",COUNTIF($D22:$AH22,"UA")) | AL22: =IF($A22="","",COUNTIF($D22:$AH22,"SA")) | AM22: =IF($A22="","",COUNTIF($D22:$AH22,"EA")) | AN22: =IF($A22="","",COUNTIF($D22:$AH22,"OR")) | AO22: =IF($A22="","",COUNTIF($D22:$AH22,"WO")) | AP22: =IF($A22="","",COUNTIF($D22:$AH22,"H")) | AS22: =IF(OR($A22="",$I$2=0),"",AI22/$I$2) | AT22: =IF(OR($A22="",$I$2=0),"",(AI22+AJ22)/$I$2) | AU22: =IF($A22="","",IF(OR($AK22>=2,AND($AK22>0,$AQ22=""),AND($AK22>0,$AR22="")),"CRITICAL",IF(OR($AK22=1,AND(($AJ22)>0,$AQ22=""),AND(($AJ22)>0,$AR22=""),$AT22<0.95),"REVIEW","OK")))
... A71: =IF('Employee Master'!A71="","",'Employee Master'!A71) | B71: =IF($A71="","",'Employee Master'!B71) | C71: =IF($A71="","",'Employee Master'!C71) | D71: P | E71: P | F71: P | G71: P | H71: P | I71: P | J71: P | K71: P | L71: P | M71: P | N71: P | O71: P | P71: P | Q71: P | R71: P | S71: P | T71: P | U71: P | V71: P | W71: P | X71: P | Y71: P | Z71: P | AA71: P | AB71: P | AC71: P | AD71: P | AE71: P | AI71: =IF($A71="","",COUNTIF($D71:$AH71,"P")) | AJ71: =IF($A71="","",COUNTIF($D71:$AH71,"AA")+COUNTIF($D71:$AH71,"SA")+COUNTIF($D71:$AH71,"EA")+COUNTIF($D71:$AH71,"OR")+COUNTIF($D71:$AH71,"WO")+COUNTIF($D71:$AH71,"H")) | AK71: =IF($A71="","",COUNTIF($D71:$AH71,"UA")) | AL71: =IF($A71="","",COUNTIF($D71:$AH71,"SA")) | AM71: =IF($A71="","",COUNTIF($D71:$AH71,"EA")) | AN71: =IF($A71="","",COUNTIF($D71:$AH71,"OR")) | AO71: =IF($A71="","",COUNTIF($D71:$AH71,"WO")) | AP71: =IF($A71="","",COUNTIF($D71:$AH71,"H")) | AS71: =IF(OR($A71="",$I$2=0),"",AI71/$I$2) | AT71: =IF(OR($A71="",$I$2=0),"",(AI71+AJ71)/$I$2) | AU71: =IF($A71="","",IF(OR($AK71>=2,AND($AK71>0,$AQ71=""),AND($AK71>0,$AR71="")),"CRITICAL",IF(OR($AK71=1,AND(($AJ71)>0,$AQ71=""),AND(($AJ71)>0,$AR71=""),$AT71<0.95),"REVIEW","OK")))
A72: =IF('Employee Master'!A72="","",'Employee Master'!A72) | B72: =IF($A72="","",'Employee Master'!B72) | C72: =IF($A72="","",'Employee Master'!C72) | AI72: =IF($A72="","",COUNTIF($D72:$AH72,"P")) | AJ72: =IF($A72="","",COUNTIF($D72:$AH72,"AA")+COUNTIF($D72:$AH72,"SA")+COUNTIF($D72:$AH72,"EA")+COUNTIF($D72:$AH72,"OR")+COUNTIF($D72:$AH72,"WO")+COUNTIF($D72:$AH72,"H")) | AK72: =IF($A72="","",COUNTIF($D72:$AH72,"UA")) | AL72: =IF($A72="","",COUNTIF($D72:$AH72,"SA")) | AM72: =IF($A72="","",COUNTIF($D72:$AH72,"EA")) | AN72: =IF($A72="","",COUNTIF($D72:$AH72,"OR")) | AO72: =IF($A72="","",COUNTIF($D72:$AH72,"WO")) | AP72: =IF($A72="","",COUNTIF($D72:$AH72,"H")) | AS72: =IF(OR($A72="",$I$2=0),"",AI72/$I$2) | AT72: =IF(OR($A72="",$I$2=0),"",(AI72+AJ72)/$I$2) | AU72: =IF($A72="","",IF(OR($AK72>=2,AND($AK72>0,$AQ72=""),AND($AK72>0,$AR72="")),"CRITICAL",IF(OR($AK72=1,AND(($AJ72)>0,$AQ72=""),AND(($AJ72)>0,$AR72=""),$AT72<0.95),"REVIEW","OK")))
A73: =IF('Employee Master'!A73="","",'Employee Master'!A73) | B73: =IF($A73="","",'Employee Master'!B73) | C73: =IF($A73="","",'Employee Master'!C73) | AI73: =IF($A73="","",COUNTIF($D73:$AH73,"P")) | AJ73: =IF($A73="","",COUNTIF($D73:$AH73,"AA")+COUNTIF($D73:$AH73,"SA")+COUNTIF($D73:$AH73,"EA")+COUNTIF($D73:$AH73,"OR")+COUNTIF($D73:$AH73,"WO")+COUNTIF($D73:$AH73,"H")) | AK73: =IF($A73="","",COUNTIF($D73:$AH73,"UA")) | AL73: =IF($A73="","",COUNTIF($D73:$AH73,"SA")) | AM73: =IF($A73="","",COUNTIF($D73:$AH73,"EA")) | AN73: =IF($A73="","",COUNTIF($D73:$AH73,"OR")) | AO73: =IF($A73="","",COUNTIF($D73:$AH73,"WO")) | AP73: =IF($A73="","",COUNTIF($D73:$AH73,"H")) | AS73: =IF(OR($A73="",$I$2=0),"",AI73/$I$2) | AT73: =IF(OR($A73="",$I$2=0),"",(AI73+AJ73)/$I$2) | AU73: =IF($A73="","",IF(OR($AK73>=2,AND($AK73>0,$AQ73=""),AND($AK73>0,$AR73="")),"CRITICAL",IF(OR($AK73=1,AND(($AJ73)>0,$AQ73=""),AND(($AJ73)>0,$AR73=""),$AT73<0.95),"REVIEW","OK")))
A74: =IF('Employee Master'!A74="","",'Employee Master'!A74) | B74: =IF($A74="","",'Employee Master'!B74) | C74: =IF($A74="","",'Employee Master'!C74) | AI74: =IF($A74="","",COUNTIF($D74:$AH74,"P")) | AJ74: =IF($A74="","",COUNTIF($D74:$AH74,"AA")+COUNTIF($D74:$AH74,"SA")+COUNTIF($D74:$AH74,"EA")+COUNTIF($D74:$AH74,"OR")+COUNTIF($D74:$AH74,"WO")+COUNTIF($D74:$AH74,"H")) | AK74: =IF($A74="","",COUNTIF($D74:$AH74,"UA")) | AL74: =IF($A74="","",COUNTIF($D74:$AH74,"SA")) | AM74: =IF($A74="","",COUNTIF($D74:$AH74,"EA")) | AN74: =IF($A74="","",COUNTIF($D74:$AH74,"OR")) | AO74: =IF($A74="","",COUNTIF($D74:$AH74,"WO")) | AP74: =IF($A74="","",COUNTIF($D74:$AH74,"H")) | AS74: =IF(OR($A74="",$I$2=0),"",AI74/$I$2) | AT74: =IF(OR($A74="",$I$2=0),"",(AI74+AJ74)/$I$2) | AU74: =IF($A74="","",IF(OR($AK74>=2,AND($AK74>0,$AQ74=""),AND($AK74>0,$AR74="")),"CRITICAL",IF(OR($AK74=1,AND(($AJ74)>0,$AQ74=""),AND(($AJ74)>0,$AR74=""),$AT74<0.95),"REVIEW","OK")))
A75: =IF('Employee Master'!A75="","",'Employee Master'!A75) | B75: =IF($A75="","",'Employee Master'!B75) | C75: =IF($A75="","",'Employee Master'!C75) | AI75: =IF($A75="","",COUNTIF($D75:$AH75,"P")) | AJ75: =IF($A75="","",COUNTIF($D75:$AH75,"AA")+COUNTIF($D75:$AH75,"SA")+COUNTIF($D75:$AH75,"EA")+COUNTIF($D75:$AH75,"OR")+COUNTIF($D75:$AH75,"WO")+COUNTIF($D75:$AH75,"H")) | AK75: =IF($A75="","",COUNTIF($D75:$AH75,"UA")) | AL75: =IF($A75="","",COUNTIF($D75:$AH75,"SA")) | AM75: =IF($A75="","",COUNTIF($D75:$AH75,"EA")) | AN75: =IF($A75="","",COUNTIF($D75:$AH75,"OR")) | AO75: =IF($A75="","",COUNTIF($D75:$AH75,"WO")) | AP75: =IF($A75="","",COUNTIF($D75:$AH75,"H")) | AS75: =IF(OR($A75="",$I$2=0),"",AI75/$I$2) | AT75: =IF(OR($A75="",$I$2=0),"",(AI75+AJ75)/$I$2) | AU75: =IF($A75="","",IF(OR($AK75>=2,AND($AK75>0,$AQ75=""),AND($AK75>0,$AR75="")),"CRITICAL",IF(OR($AK75=1,AND(($AJ75)>0,$AQ75=""),AND(($AJ75)>0,$AR75=""),$AT75<0.95),"REVIEW","OK")))
A76: =IF('Employee Master'!A76="","",'Employee Master'!A76) | B76: =IF($A76="","",'Employee Master'!B76) | C76: =IF($A76="","",'Employee Master'!C76) | AI76: =IF($A76="","",COUNTIF($D76:$AH76,"P")) | AJ76: =IF($A76="","",COUNTIF($D76:$AH76,"AA")+COUNTIF($D76:$AH76,"SA")+COUNTIF($D76:$AH76,"EA")+COUNTIF($D76:$AH76,"OR")+COUNTIF($D76:$AH76,"WO")+COUNTIF($D76:$AH76,"H")) | AK76: =IF($A76="","",COUNTIF($D76:$AH76,"UA")) | AL76: =IF($A76="","",COUNTIF($D76:$AH76,"SA")) | AM76: =IF($A76="","",COUNTIF($D76:$AH76,"EA")) | AN76: =IF($A76="","",COUNTIF($D76:$AH76,"OR")) | AO76: =IF($A76="","",COUNTIF($D76:$AH76,"WO")) | AP76: =IF($A76="","",COUNTIF($D76:$AH76,"H")) | AS76: =IF(OR($A76="",$I$2=0),"",AI76/$I$2) | AT76: =IF(OR($A76="",$I$2=0),"",(AI76+AJ76)/$I$2) | AU76: =IF($A76="","",IF(OR($AK76>=2,AND($AK76>0,$AQ76=""),AND($AK76>0,$AR76="")),"CRITICAL",IF(OR($AK76=1,AND(($AJ76)>0,$AQ76=""),AND(($AJ76)>0,$AR76=""),$AT76<0.95),"REVIEW","OK")))
A77: =IF('Employee Master'!A77="","",'Employee Master'!A77) | B77: =IF($A77="","",'Employee Master'!B77) | C77: =IF($A77="","",'Employee Master'!C77) | AI77: =IF($A77="","",COUNTIF($D77:$AH77,"P")) | AJ77: =IF($A77="","",COUNTIF($D77:$AH77,"AA")+COUNTIF($D77:$AH77,"SA")+COUNTIF($D77:$AH77,"EA")+COUNTIF($D77:$AH77,"OR")+COUNTIF($D77:$AH77,"WO")+COUNTIF($D77:$AH77,"H")) | AK77: =IF($A77="","",COUNTIF($D77:$AH77,"UA")) | AL77: =IF($A77="","",COUNTIF($D77:$AH77,"SA")) | AM77: =IF($A77="","",COUNTIF($D77:$AH77,"EA")) | AN77: =IF($A77="","",COUNTIF($D77:$AH77,"OR")) | AO77: =IF($A77="","",COUNTIF($D77:$AH77,"WO")) | AP77: =IF($A77="","",COUNTIF($D77:$AH77,"H")) | AS77: =IF(OR($A77="",$I$2=0),"",AI77/$I$2) | AT77: =IF(OR($A77="",$I$2=0),"",(AI77+AJ77)/$I$2) | AU77: =IF($A77="","",IF(OR($AK77>=2,AND($AK77>0,$AQ77=""),AND($AK77>0,$AR77="")),"CRITICAL",IF(OR($AK77=1,AND(($AJ77)>0,$AQ77=""),AND(($AJ77)>0,$AR77=""),$AT77<0.95),"REVIEW","OK")))
A78: =IF('Employee Master'!A78="","",'Employee Master'!A78) | B78: =IF($A78="","",'Employee Master'!B78) | C78: =IF($A78="","",'Employee Master'!C78) | AI78: =IF($A78="","",COUNTIF($D78:$AH78,"P")) | AJ78: =IF($A78="","",COUNTIF($D78:$AH78,"AA")+COUNTIF($D78:$AH78,"SA")+COUNTIF($D78:$AH78,"EA")+COUNTIF($D78:$AH78,"OR")+COUNTIF($D78:$AH78,"WO")+COUNTIF($D78:$AH78,"H")) | AK78: =IF($A78="","",COUNTIF($D78:$AH78,"UA")) | AL78: =IF($A78="","",COUNTIF($D78:$AH78,"SA")) | AM78: =IF($A78="","",COUNTIF($D78:$AH78,"EA")) | AN78: =IF($A78="","",COUNTIF($D78:$AH78,"OR")) | AO78: =IF($A78="","",COUNTIF($D78:$AH78,"WO")) | AP78: =IF($A78="","",COUNTIF($D78:$AH78,"H")) | AS78: =IF(OR($A78="",$I$2=0),"",AI78/$I$2) | AT78: =IF(OR($A78="",$I$2=0),"",(AI78+AJ78)/$I$2) | AU78: =IF($A78="","",IF(OR($AK78>=2,AND($AK78>0,$AQ78=""),AND($AK78>0,$AR78="")),"CRITICAL",IF(OR($AK78=1,AND(($AJ78)>0,$AQ78=""),AND(($AJ78)>0,$AR78=""),$AT78<0.95),"REVIEW","OK")))
A79: =IF('Employee Master'!A79="","",'Employee Master'!A79) | B79: =IF($A79="","",'Employee Master'!B79) | C79: =IF($A79="","",'Employee Master'!C79) | AI79: =IF($A79="","",COUNTIF($D79:$AH79,"P")) | AJ79: =IF($A79="","",COUNTIF($D79:$AH79,"AA")+COUNTIF($D79:$AH79,"SA")+COUNTIF($D79:$AH79,"EA")+COUNTIF($D79:$AH79,"OR")+COUNTIF($D79:$AH79,"WO")+COUNTIF($D79:$AH79,"H")) | AK79: =IF($A79="","",COUNTIF($D79:$AH79,"UA")) | AL79: =IF($A79="","",COUNTIF($D79:$AH79,"SA")) | AM79: =IF($A79="","",COUNTIF($D79:$AH79,"EA")) | AN79: =IF($A79="","",COUNTIF($D79:$AH79,"OR")) | AO79: =IF($A79="","",COUNTIF($D79:$AH79,"WO")) | AP79: =IF($A79="","",COUNTIF($D79:$AH79,"H")) | AS79: =IF(OR($A79="",$I$2=0),"",AI79/$I$2) | AT79: =IF(OR($A79="",$I$2=0),"",(AI79+AJ79)/$I$2) | AU79: =IF($A79="","",IF(OR($AK79>=2,AND($AK79>0,$AQ79=""),AND($AK79>0,$AR79="")),"CRITICAL",IF(OR($AK79=1,AND(($AJ79)>0,$AQ79=""),AND(($AJ79)>0,$AR79=""),$AT79<0.95),"REVIEW","OK")))
A80: =IF('Employee Master'!A80="","",'Employee Master'!A80) | B80: =IF($A80="","",'Employee Master'!B80) | C80: =IF($A80="","",'Employee Master'!C80) | AI80: =IF($A80="","",COUNTIF($D80:$AH80,"P")) | AJ80: =IF($A80="","",COUNTIF($D80:$AH80,"AA")+COUNTIF($D80:$AH80,"SA")+COUNTIF($D80:$AH80,"EA")+COUNTIF($D80:$AH80,"OR")+COUNTIF($D80:$AH80,"WO")+COUNTIF($D80:$AH80,"H")) | AK80: =IF($A80="","",COUNTIF($D80:$AH80,"UA")) | AL80: =IF($A80="","",COUNTIF($D80:$AH80,"SA")) | AM80: =IF($A80="","",COUNTIF($D80:$AH80,"EA")) | AN80: =IF($A80="","",COUNTIF($D80:$AH80,"OR")) | AO80: =IF($A80="","",COUNTIF($D80:$AH80,"WO")) | AP80: =IF($A80="","",COUNTIF($D80:$AH80,"H")) | AS80: =IF(OR($A80="",$I$2=0),"",AI80/$I$2) | AT80: =IF(OR($A80="",$I$2=0),"",(AI80+AJ80)/$I$2) | AU80: =IF($A80="","",IF(OR($AK80>=2,AND($AK80>0,$AQ80=""),AND($AK80>0,$AR80="")),"CRITICAL",IF(OR($AK80=1,AND(($AJ80)>0,$AQ80=""),AND(($AJ80)>0,$AR80=""),$AT80<0.95),"REVIEW","OK")))
A81: =IF('Employee Master'!A81="","",'Employee Master'!A81) | B81: =IF($A81="","",'Employee Master'!B81) | C81: =IF($A81="","",'Employee Master'!C81) | AI81: =IF($A81="","",COUNTIF($D81:$AH81,"P")) | AJ81: =IF($A81="","",COUNTIF($D81:$AH81,"AA")+COUNTIF($D81:$AH81,"SA")+COUNTIF($D81:$AH81,"EA")+COUNTIF($D81:$AH81,"OR")+COUNTIF($D81:$AH81,"WO")+COUNTIF($D81:$AH81,"H")) | AK81: =IF($A81="","",COUNTIF($D81:$AH81,"UA")) | AL81: =IF($A81="","",COUNTIF($D81:$AH81,"SA")) | AM81: =IF($A81="","",COUNTIF($D81:$AH81,"EA")) | AN81: =IF($A81="","",COUNTIF($D81:$AH81,"OR")) | AO81: =IF($A81="","",COUNTIF($D81:$AH81,"WO")) | AP81: =IF($A81="","",COUNTIF($D81:$AH81,"H")) | AS81: =IF(OR($A81="",$I$2=0),"",AI81/$I$2) | AT81: =IF(OR($A81="",$I$2=0),"",(AI81+AJ81)/$I$2) | AU81: =IF($A81="","",IF(OR($AK81>=2,AND($AK81>0,$AQ81=""),AND($AK81>0,$AR81="")),"CRITICAL",IF(OR($AK81=1,AND(($AJ81)>0,$AQ81=""),AND(($AJ81)>0,$AR81=""),$AT81<0.95),"REVIEW","OK")))
A82: =IF('Employee Master'!A82="","",'Employee Master'!A82) | B82: =IF($A82="","",'Employee Master'!B82) | C82: =IF($A82="","",'Employee Master'!C82) | AI82: =IF($A82="","",COUNTIF($D82:$AH82,"P")) | AJ82: =IF($A82="","",COUNTIF($D82:$AH82,"AA")+COUNTIF($D82:$AH82,"SA")+COUNTIF($D82:$AH82,"EA")+COUNTIF($D82:$AH82,"OR")+COUNTIF($D82:$AH82,"WO")+COUNTIF($D82:$AH82,"H")) | AK82: =IF($A82="","",COUNTIF($D82:$AH82,"UA")) | AL82: =IF($A82="","",COUNTIF($D82:$AH82,"SA")) | AM82: =IF($A82="","",COUNTIF($D82:$AH82,"EA")) | AN82: =IF($A82="","",COUNTIF($D82:$AH82,"OR")) | AO82: =IF($A82="","",COUNTIF($D82:$AH82,"WO")) | AP82: =IF($A82="","",COUNTIF($D82:$AH82,"H")) | AS82: =IF(OR($A82="",$I$2=0),"",AI82/$I$2) | AT82: =IF(OR($A82="",$I$2=0),"",(AI82+AJ82)/$I$2) | AU82: =IF($A82="","",IF(OR($AK82>=2,AND($AK82>0,$AQ82=""),AND($AK82>0,$AR82="")),"CRITICAL",IF(OR($AK82=1,AND(($AJ82)>0,$AQ82=""),AND(($AJ82)>0,$AR82=""),$AT82<0.95),"REVIEW","OK")))
A83: =IF('Employee Master'!A83="","",'Employee Master'!A83) | B83: =IF($A83="","",'Employee Master'!B83) | C83: =IF($A83="","",'Employee Master'!C83) | AI83: =IF($A83="","",COUNTIF($D83:$AH83,"P")) | AJ83: =IF($A83="","",COUNTIF($D83:$AH83,"AA")+COUNTIF($D83:$AH83,"SA")+COUNTIF($D83:$AH83,"EA")+COUNTIF($D83:$AH83,"OR")+COUNTIF($D83:$AH83,"WO")+COUNTIF($D83:$AH83,"H")) | AK83: =IF($A83="","",COUNTIF($D83:$AH83,"UA")) | AL83: =IF($A83="","",COUNTIF($D83:$AH83,"SA")) | AM83: =IF($A83="","",COUNTIF($D83:$AH83,"EA")) | AN83: =IF($A83="","",COUNTIF($D83:$AH83,"OR")) | AO83: =IF($A83="","",COUNTIF($D83:$AH83,"WO")) | AP83: =IF($A83="","",COUNTIF($D83:$AH83,"H")) | AS83: =IF(OR($A83="",$I$2=0),"",AI83/$I$2) | AT83: =IF(OR($A83="",$I$2=0),"",(AI83+AJ83)/$I$2) | AU83: =IF($A83="","",IF(OR($AK83>=2,AND($AK83>0,$AQ83=""),AND($AK83>0,$AR83="")),"CRITICAL",IF(OR($AK83=1,AND(($AJ83)>0,$AQ83=""),AND(($AJ83)>0,$AR83=""),$AT83<0.95),"REVIEW","OK")))
... A107: =IF('Employee Master'!A107="","",'Employee Master'!A107) | B107: =IF($A107="","",'Employee Master'!B107) | C107: =IF($A107="","",'Employee Master'!C107) | AI107: =IF($A107="","",COUNTIF($D107:$AH107,"P")) | AJ107: =IF($A107="","",COUNTIF($D107:$AH107,"AA")+COUNTIF($D107:$AH107,"SA")+COUNTIF($D107:$AH107,"EA")+COUNTIF($D107:$AH107,"OR")+COUNTIF($D107:$AH107,"WO")+COUNTIF($D107:$AH107,"H")) | AK107: =IF($A107="","",COUNTIF($D107:$AH107,"UA")) | AL107: =IF($A107="","",COUNTIF($D107:$AH107,"SA")) | AM107: =IF($A107="","",COUNTIF($D107:$AH107,"EA")) | AN107: =IF($A107="","",COUNTIF($D107:$AH107,"OR")) | AO107: =IF($A107="","",COUNTIF($D107:$AH107,"WO")) | AP107: =IF($A107="","",COUNTIF($D107:$AH107,"H")) | AS107: =IF(OR($A107="",$I$2=0),"",AI107/$I$2) | AT107: =IF(OR($A107="",$I$2=0),"",(AI107+AJ107)/$I$2) | AU107: =IF($A107="","",IF(OR($AK107>=2,AND($AK107>0,$AQ107=""),AND($AK107>0,$AR107="")),"CRITICAL",IF(OR($AK107=1,AND(($AJ107)>0,$AQ107=""),AND(($AJ107)>0,$AR107=""),$AT107<0.95),"REVIEW","OK")))

Sheet Mar
A1: March Monthly Staff Attendance Master Register
A2: Month Start | B2: =DATE('Control Panel'!$B$3,3,1) | D2: Reporting Month | E2: =TEXT($B$2,"mmmm yyyy") | H2: Working Days | I2: =COUNTA($D$4:$AH$4) | K2: Active Employees | L2: =COUNTIFS('Employee Master'!A8:A107,"?*",'Employee Master'!D8:D107,"Active") | AW2: Status | AX2: Meaning
A3: Enter daily statuses using: P, AA, UA, SA, EA, OR, WO, H. All calendar days from the 1st to the last day of the month are treated as work days, including weekends and public holidays, unless an absence status is entered. | AW3: P | AX3: Present
D4: =IF(COLUMN()-3<=DAY(DATE(YEAR($B$2),MONTH($B$2)+1,0)),DATE(YEAR($B$2),MONTH($B$2),COLUMN()-3),"") | E4: =IF(COLUMN()-3<=DAY(DATE(YEAR($B$2),MONTH($B$2)+1,0)),DATE(YEAR($B$2),MONTH($B$2),COLUMN()-3),"") | F4: =IF(COLUMN()-3<=DAY(DATE(YEAR($B$2),MONTH($B$2)+1,0)),DATE(YEAR($B$2),MONTH($B$2),COLUMN()-3),"") | G4: =IF(COLUMN()-3<=DAY(DATE(YEAR($B$2),MONTH($B$2)+1,0)),DATE(YEAR($B$2),MONTH($B$2),COLUMN()-3),"") | H4: =IF(COLUMN()-3<=DAY(DATE(YEAR($B$2),MONTH($B$2)+1,0)),DATE(YEAR($B$2),MONTH($B$2),COLUMN()-3),"") | I4: =IF(COLUMN()-3<=DAY(DATE(YEAR($B$2),MONTH($B$2)+1,0)),DATE(YEAR($B$2),MONTH($B$2),COLUMN()-3),"") | J4: =IF(COLUMN()-3<=DAY(DATE(YEAR($B$2),MONTH($B$2)+1,0)),DATE(YEAR($B$2),MONTH($B$2),COLUMN()-3),"") | K4: =IF(COLUMN()-3<=DAY(DATE(YEAR($B$2),MONTH($B$2)+1,0)),DATE(YEAR($B$2),MONTH($B$2),COLUMN()-3),"") | ... AH4: =IF(COLUMN()-3<=DAY(DATE(YEAR($B$2),MONTH($B$2)+1,0)),DATE(YEAR($B$2),MONTH($B$2),COLUMN()-3),"") | AV4: AA | AW4: Authorised Attendance | AX4: Authorised Attendance
A5: Employee Details | D5: Daily Attendance Status | AI5: Monthly Summary & Forensic Review | AV5: UA | AW5: Unauthorised Attendance | AX5: Unauthorised Attendance
A6: Employee ID | B6: Employee Name | C6: Reported To | D6: =IF(D$4="","",DAY(D$4)) | E6: =IF(E$4="","",DAY(E$4)) | F6: =IF(F$4="","",DAY(F$4)) | G6: =IF(G$4="","",DAY(G$4)) | H6: =IF(H$4="","",DAY(H$4)) | I6: =IF(I$4="","",DAY(I$4)) | J6: =IF(J$4="","",DAY(J$4)) | K6: =IF(K$4="","",DAY(K$4)) | ... AH6: =IF(AH$4="","",DAY(AH$4)) | AI6: Present | AJ6: Authorised Absence | AK6: Unauthorised Absence | AL6: Sickness Absence | AM6: Emergency Absence | AN6: Other Reason | AO6: Weekend Off | AP6: Holiday | AQ6: Absence Reason | AR6: Remarks | AS6: Attendance % | AT6: Compliance % | AU6: Forensic Flag | AV6: SA | AW6: Sick Absence | AX6: Sick Absence
D7: =IF(D$4="","","WD") | E7: =IF(E$4="","","WD") | F7: =IF(F$4="","","WD") | G7: =IF(G$4="","","WD") | H7: =IF(H$4="","","WD") | I7: =IF(I$4="","","WD") | J7: =IF(J$4="","","WD") | K7: =IF(K$4="","","WD") | ... AH7: =IF(AH$4="","","WD") | AV7: EA | AW7: Emergency Absence | AX7: Emergency Absence
A8: =IF('Employee Master'!A8="","",'Employee Master'!A8) | B8: =IF($A8="","",'Employee Master'!B8) | C8: =IF($A8="","",'Employee Master'!C8) | D8: UA | E8: UA | F8: UA | G8: UA | H8: UA | I8: UA | J8: UA | K8: UA | L8: UA | M8: UA | N8: UA | O8: P | P8: P | Q8: P | R8: P | S8: P | T8: P | U8: P | V8: P | W8: P | X8: P | Y8: P | Z8: P | AA8: P | AB8: P | AC8: P | AD8: P | AE8: P | AF8: P | AG8: P | AH8: P | AI8: =IF($A8="","",COUNTIF($D8:$AH8,"P")) | AJ8: =IF($A8="","",COUNTIF($D8:$AH8,"AA")+COUNTIF($D8:$AH8,"SA")+COUNTIF($D8:$AH8,"EA")+COUNTIF($D8:$AH8,"OR")+COUNTIF($D8:$AH8,"WO")+COUNTIF($D8:$AH8,"H")) | AK8: =IF($A8="","",COUNTIF($D8:$AH8,"UA")) | AL8: =IF($A8="","",COUNTIF($D8:$AH8,"SA")) | AM8: =IF($A8="","",COUNTIF($D8:$AH8,"EA")) | AN8: =IF($A8="","",COUNTIF($D8:$AH8,"OR")) | AO8: =IF($A8="","",COUNTIF($D8:$AH8,"WO")) | AP8: =IF($A8="","",COUNTIF($D8:$AH8,"H")) | AS8: =IF(OR($A8="",$I$2=0),"",AI8/$I$2) | AT8: =IF(OR($A8="",$I$2=0),"",(AI8+AJ8)/$I$2) | AU8: =IF($A8="","",IF(OR($AK8>=2,AND($AK8>0,$AQ8=""),AND($AK8>0,$AR8="")),"CRITICAL",IF(OR($AK8=1,AND(($AJ8)>0,$AQ8=""),AND(($AJ8)>0,$AR8=""),$AT8<0.95),"REVIEW","OK"))) | AV8: OR | AW8: Other Reason | AX8: Other Reason
A9: =IF('Employee Master'!A9="","",'Employee Master'!A9) | B9: =IF($A9="","",'Employee Master'!B9) | C9: =IF($A9="","",'Employee Master'!C9) | D9: P | E9: P | F9: P | G9: P | H9: P | I9: P | J9: P | K9: P | L9: UA | M9: UA | N9: UA | O9: UA | P9: UA | Q9: UA | R9: UA | S9: UA | T9: UA | U9: UA | V9: P | W9: P | X9: P | Y9: P | Z9: P | AA9: P | AB9: P | AC9: P | AD9: P | AE9: P | AF9: P | AG9: P | AH9: P | AI9: =IF($A9="","",COUNTIF($D9:$AH9,"P")) | AJ9: =IF($A9="","",COUNTIF($D9:$AH9,"AA")+COUNTIF($D9:$AH9,"SA")+COUNTIF($D9:$AH9,"EA")+COUNTIF($D9:$AH9,"OR")+COUNTIF($D9:$AH9,"WO")+COUNTIF($D9:$AH9,"H")) | AK9: =IF($A9="","",COUNTIF($D9:$AH9,"UA")) | AL9: =IF($A9="","",COUNTIF($D9:$AH9,"SA")) | AM9: =IF($A9="","",COUNTIF($D9:$AH9,"EA")) | AN9: =IF($A9="","",COUNTIF($D9:$AH9,"OR")) | AO9: =IF($A9="","",COUNTIF($D9:$AH9,"WO")) | AP9: =IF($A9="","",COUNTIF($D9:$AH9,"H")) | AS9: =IF(OR($A9="",$I$2=0),"",AI9/$I$2) | AT9: =IF(OR($A9="",$I$2=0),"",(AI9+AJ9)/$I$2) | AU9: =IF($A9="","",IF(OR($AK9>=2,AND($AK9>0,$AQ9=""),AND($AK9>0,$AR9="")),"CRITICAL",IF(OR($AK9=1,AND(($AJ9)>0,$AQ9=""),AND(($AJ9)>0,$AR9=""),$AT9<0.95),"REVIEW","OK"))) | AV9: WO | AW9: Weekend Off / Approved Rest Day | AX9: Weekend Off
A10: =IF('Employee Master'!A10="","",'Employee Master'!A10) | B10: =IF($A10="","",'Employee Master'!B10) | C10: =IF($A10="","",'Employee Master'!C10) | D10: P | E10: UA | F10: P | G10: P | H10: P | I10: P | J10: P | K10: P | L10: P | M10: P | N10: P | O10: P | P10: P | Q10: P | R10: P | S10: UA | T10: UA | U10: UA | V10: UA | W10: UA | X10: UA | Y10: UA | Z10: UA | AA10: UA | AB10: P | AC10: UA | AD10: P | AE10: P | AF10: P | AG10: P | AH10: P | AI10: =IF($A10="","",COUNTIF($D10:$AH10,"P")) | AJ10: =IF($A10="","",COUNTIF($D10:$AH10,"AA")+COUNTIF($D10:$AH10,"SA")+COUNTIF($D10:$AH10,"EA")+COUNTIF($D10:$AH10,"OR")+COUNTIF($D10:$AH10,"WO")+COUNTIF($D10:$AH10,"H")) | AK10: =IF($A10="","",COUNTIF($D10:$AH10,"UA")) | AL10: =IF($A10="","",COUNTIF($D10:$AH10,"SA")) | AM10: =IF($A10="","",COUNTIF($D10:$AH10,"EA")) | AN10: =IF($A10="","",COUNTIF($D10:$AH10,"OR")) | AO10: =IF($A10="","",COUNTIF($D10:$AH10,"WO")) | AP10: =IF($A10="","",COUNTIF($D10:$AH10,"H")) | AS10: =IF(OR($A10="",$I$2=0),"",AI10/$I$2) | AT10: =IF(OR($A10="",$I$2=0),"",(AI10+AJ10)/$I$2) | AU10: =IF($A10="","",IF(OR($AK10>=2,AND($AK10>0,$AQ10=""),AND($AK10>0,$AR10="")),"CRITICAL",IF(OR($AK10=1,AND(($AJ10)>0,$AQ10=""),AND(($AJ10)>0,$AR10=""),$AT10<0.95),"REVIEW","OK"))) | AV10: H | AW10: Holiday / Approved Leave | AX10: Holiday
A11: =IF('Employee Master'!A11="","",'Employee Master'!A11) | B11: =IF($A11="","",'Employee Master'!B11) | C11: =IF($A11="","",'Employee Master'!C11) | D11: P | E11: P | F11: P | G11: P | H11: P | I11: P | J11: P | K11: P | L11: P | M11: P | N11: P | O11: P | P11: P | Q11: P | R11: P | S11: P | T11: P | U11: P | V11: P | W11: P | X11: P | Y11: P | Z11: P | AA11: P | AB11: P | AC11: P | AD11: P | AE11: P | AF11: P | AG11: P | AH11: P | AI11: =IF($A11="","",COUNTIF($D11:$AH11,"P")) | AJ11: =IF($A11="","",COUNTIF($D11:$AH11,"AA")+COUNTIF($D11:$AH11,"SA")+COUNTIF($D11:$AH11,"EA")+COUNTIF($D11:$AH11,"OR")+COUNTIF($D11:$AH11,"WO")+COUNTIF($D11:$AH11,"H")) | AK11: =IF($A11="","",COUNTIF($D11:$AH11,"UA")) | AL11: =IF($A11="","",COUNTIF($D11:$AH11,"SA")) | AM11: =IF($A11="","",COUNTIF($D11:$AH11,"EA")) | AN11: =IF($A11="","",COUNTIF($D11:$AH11,"OR")) | AO11: =IF($A11="","",COUNTIF($D11:$AH11,"WO")) | AP11: =IF($A11="","",COUNTIF($D11:$AH11,"H")) | AS11: =IF(OR($A11="",$I$2=0),"",AI11/$I$2) | AT11: =IF(OR($A11="",$I$2=0),"",(AI11+AJ11)/$I$2) | AU11: =IF($A11="","",IF(OR($AK11>=2,AND($AK11>0,$AQ11=""),AND($AK11>0,$AR11="")),"CRITICAL",IF(OR($AK11=1,AND(($AJ11)>0,$AQ11=""),AND(($AJ11)>0,$AR11=""),$AT11<0.95),"REVIEW","OK")))
A12: =IF('Employee Master'!A12="","",'Employee Master'!A12) | B12: =IF($A12="","",'Employee Master'!B12) | C12: =IF($A12="","",'Employee Master'!C12) | D12: P | E12: P | F12: P | G12: P | H12: P | I12: P | J12: P | K12: P | L12: P | M12: P | N12: P | O12: P | P12: P | Q12: P | R12: P | S12: P | T12: P | U12: P | V12: P | W12: P | X12: P | Y12: P | Z12: P | AA12: P | AB12: P | AC12: P | AD12: P | AE12: P | AF12: P | AG12: P | AH12: P | AI12: =IF($A12="","",COUNTIF($D12:$AH12,"P")) | AJ12: =IF($A12="","",COUNTIF($D12:$AH12,"AA")+COUNTIF($D12:$AH12,"SA")+COUNTIF($D12:$AH12,"EA")+COUNTIF($D12:$AH12,"OR")+COUNTIF($D12:$AH12,"WO")+COUNTIF($D12:$AH12,"H")) | AK12: =IF($A12="","",COUNTIF($D12:$AH12,"UA")) | AL12: =IF($A12="","",COUNTIF($D12:$AH12,"SA")) | AM12: =IF($A12="","",COUNTIF($D12:$AH12,"EA")) | AN12: =IF($A12="","",COUNTIF($D12:$AH12,"OR")) | AO12: =IF($A12="","",COUNTIF($D12:$AH12,"WO")) | AP12: =IF($A12="","",COUNTIF($D12:$AH12,"H")) | AS12: =IF(OR($A12="",$I$2=0),"",AI12/$I$2) | AT12: =IF(OR($A12="",$I$2=0),"",(AI12+AJ12)/$I$2) | AU12: =IF($A12="","",IF(OR($AK12>=2,AND($AK12>0,$AQ12=""),AND($AK12>0,$AR12="")),"CRITICAL",IF(OR($AK12=1,AND(($AJ12)>0,$AQ12=""),AND(($AJ12)>0,$AR12=""),$AT12<0.95),"REVIEW","OK")))
A13: =IF('Employee Master'!A13="","",'Employee Master'!A13) | B13: =IF($A13="","",'Employee Master'!B13) | C13: =IF($A13="","",'Employee Master'!C13) | D13: P | E13: P | F13: P | G13: P | H13: P | I13: P | J13: P | K13: P | L13: P | M13: P | N13: P | O13: P | P13: P | Q13: P | R13: P | S13: P | T13: P | U13: P | V13: P | W13: P | X13: P | Y13: P | Z13: P | AA13: P | AB13: P | AC13: P | AD13: P | AE13: P | AF13: P | AG13: P | AH13: P | AI13: =IF($A13="","",COUNTIF($D13:$AH13,"P")) | AJ13: =IF($A13="","",COUNTIF($D13:$AH13,"AA")+COUNTIF($D13:$AH13,"SA")+COUNTIF($D13:$AH13,"EA")+COUNTIF($D13:$AH13,"OR")+COUNTIF($D13:$AH13,"WO")+COUNTIF($D13:$AH13,"H")) | AK13: =IF($A13="","",COUNTIF($D13:$AH13,"UA")) | AL13: =IF($A13="","",COUNTIF($D13:$AH13,"SA")) | AM13: =IF($A13="","",COUNTIF($D13:$AH13,"EA")) | AN13: =IF($A13="","",COUNTIF($D13:$AH13,"OR")) | AO13: =IF($A13="","",COUNTIF($D13:$AH13,"WO")) | AP13: =IF($A13="","",COUNTIF($D13:$AH13,"H")) | AS13: =IF(OR($A13="",$I$2=0),"",AI13/$I$2) | AT13: =IF(OR($A13="",$I$2=0),"",(AI13+AJ13)/$I$2) | AU13: =IF($A13="","",IF(OR($AK13>=2,AND($AK13>0,$AQ13=""),AND($AK13>0,$AR13="")),"CRITICAL",IF(OR($AK13=1,AND(($AJ13)>0,$AQ13=""),AND(($AJ13)>0,$AR13=""),$AT13<0.95),"REVIEW","OK")))
A14: =IF('Employee Master'!A14="","",'Employee Master'!A14) | B14: =IF($A14="","",'Employee Master'!B14) | C14: =IF($A14="","",'Employee Master'!C14) | D14: P | E14: P | F14: P | G14: P | H14: P | I14: P | J14: P | K14: P | L14: P | M14: P | N14: P | O14: P | P14: P | Q14: P | R14: P | S14: P | T14: P | U14: P | V14: P | W14: P | X14: P | Y14: P | Z14: P | AA14: P | AB14: P | AC14: P | AD14: P | AE14: P | AF14: P | AG14: P | AH14: P | AI14: =IF($A14="","",COUNTIF($D14:$AH14,"P")) | AJ14: =IF($A14="","",COUNTIF($D14:$AH14,"AA")+COUNTIF($D14:$AH14,"SA")+COUNTIF($D14:$AH14,"EA")+COUNTIF($D14:$AH14,"OR")+COUNTIF($D14:$AH14,"WO")+COUNTIF($D14:$AH14,"H")) | AK14: =IF($A14="","",COUNTIF($D14:$AH14,"UA")) | AL14: =IF($A14="","",COUNTIF($D14:$AH14,"SA")) | AM14: =IF($A14="","",COUNTIF($D14:$AH14,"EA")) | AN14: =IF($A14="","",COUNTIF($D14:$AH14,"OR")) | AO14: =IF($A14="","",COUNTIF($D14:$AH14,"WO")) | AP14: =IF($A14="","",COUNTIF($D14:$AH14,"H")) | AS14: =IF(OR($A14="",$I$2=0),"",AI14/$I$2) | AT14: =IF(OR($A14="",$I$2=0),"",(AI14+AJ14)/$I$2) | AU14: =IF($A14="","",IF(OR($AK14>=2,AND($AK14>0,$AQ14=""),AND($AK14>0,$AR14="")),"CRITICAL",IF(OR($AK14=1,AND(($AJ14)>0,$AQ14=""),AND(($AJ14)>0,$AR14=""),$AT14<0.95),"REVIEW","OK")))
A15: =IF('Employee Master'!A15="","",'Employee Master'!A15) | B15: =IF($A15="","",'Employee Master'!B15) | C15: =IF($A15="","",'Employee Master'!C15) | D15: P | E15: P | F15: P | G15: P | H15: P | I15: P | J15: P | K15: P | L15: P | M15: P | N15: P | O15: P | P15: P | Q15: P | R15: P | S15: P | T15: P | U15: UA | V15: UA | W15: UA | X15: UA | Y15: UA | Z15: UA | AA15: UA | AB15: UA | AC15: UA | AD15: UA | AE15: P | AF15: P | AG15: UA | AH15: UA | AI15: =IF($A15="","",COUNTIF($D15:$AH15,"P")) | AJ15: =IF($A15="","",COUNTIF($D15:$AH15,"AA")+COUNTIF($D15:$AH15,"SA")+COUNTIF($D15:$AH15,"EA")+COUNTIF($D15:$AH15,"OR")+COUNTIF($D15:$AH15,"WO")+COUNTIF($D15:$AH15,"H")) | AK15: =IF($A15="","",COUNTIF($D15:$AH15,"UA")) | AL15: =IF($A15="","",COUNTIF($D15:$AH15,"SA")) | AM15: =IF($A15="","",COUNTIF($D15:$AH15,"EA")) | AN15: =IF($A15="","",COUNTIF($D15:$AH15,"OR")) | AO15: =IF($A15="","",COUNTIF($D15:$AH15,"WO")) | AP15: =IF($A15="","",COUNTIF($D15:$AH15,"H")) | AS15: =IF(OR($A15="",$I$2=0),"",AI15/$I$2) | AT15: =IF(OR($A15="",$I$2=0),"",(AI15+AJ15)/$I$2) | AU15: =IF($A15="","",IF(OR($AK15>=2,AND($AK15>0,$AQ15=""),AND($AK15>0,$AR15="")),"CRITICAL",IF(OR($AK15=1,AND(($AJ15)>0,$AQ15=""),AND(($AJ15)>0,$AR15=""),$AT15<0.95),"REVIEW","OK")))
A16: =IF('Employee Master'!A16="","",'Employee Master'!A16) | B16: =IF($A16="","",'Employee Master'!B16) | C16: =IF($A16="","",'Employee Master'!C16) | D16: P | E16: P | F16: P | G16: P | H16: P | I16: P | J16: P | K16: P | L16: P | M16: P | N16: P | O16: P | P16: P | Q16: P | R16: P | S16: UA | T16: UA | U16: UA | V16: UA | W16: UA | X16: UA | Y16: UA | Z16: UA | AA16: UA | AB16: UA | AC16: UA | AD16: UA | AE16: UA | AF16: UA | AG16: P | AH16: P | AI16: =IF($A16="","",COUNTIF($D16:$AH16,"P")) | AJ16: =IF($A16="","",COUNTIF($D16:$AH16,"AA")+COUNTIF($D16:$AH16,"SA")+COUNTIF($D16:$AH16,"EA")+COUNTIF($D16:$AH16,"OR")+COUNTIF($D16:$AH16,"WO")+COUNTIF($D16:$AH16,"H")) | AK16: =IF($A16="","",COUNTIF($D16:$AH16,"UA")) | AL16: =IF($A16="","",COUNTIF($D16:$AH16,"SA")) | AM16: =IF($A16="","",COUNTIF($D16:$AH16,"EA")) | AN16: =IF($A16="","",COUNTIF($D16:$AH16,"OR")) | AO16: =IF($A16="","",COUNTIF($D16:$AH16,"WO")) | AP16: =IF($A16="","",COUNTIF($D16:$AH16,"H")) | AS16: =IF(OR($A16="",$I$2=0),"",AI16/$I$2) | AT16: =IF(OR($A16="",$I$2=0),"",(AI16+AJ16)/$I$2) | AU16: =IF($A16="","",IF(OR($AK16>=2,AND($AK16>0,$AQ16=""),AND($AK16>0,$AR16="")),"CRITICAL",IF(OR($AK16=1,AND(($AJ16)>0,$AQ16=""),AND(($AJ16)>0,$AR16=""),$AT16<0.95),"REVIEW","OK")))
A17: =IF('Employee Master'!A17="","",'Employee Master'!A17) | B17: =IF($A17="","",'Employee Master'!B17) | C17: =IF($A17="","",'Employee Master'!C17) | D17: P | E17: P | F17: P | G17: P | H17: P | I17: P | J17: P | K17: P | L17: P | M17: P | N17: P | O17: P | P17: P | Q17: P | R17: P | S17: P | T17: P | U17: P | V17: P | W17: P | X17: P | Y17: P | Z17: P | AA17: P | AB17: P | AC17: P | AD17: P | AE17: P | AF17: P | AG17: P | AH17: P | AI17: =IF($A17="","",COUNTIF($D17:$AH17,"P")) | AJ17: =IF($A17="","",COUNTIF($D17:$AH17,"AA")+COUNTIF($D17:$AH17,"SA")+COUNTIF($D17:$AH17,"EA")+COUNTIF($D17:$AH17,"OR")+COUNTIF($D17:$AH17,"WO")+COUNTIF($D17:$AH17,"H")) | AK17: =IF($A17="","",COUNTIF($D17:$AH17,"UA")) | AL17: =IF($A17="","",COUNTIF($D17:$AH17,"SA")) | AM17: =IF($A17="","",COUNTIF($D17:$AH17,"EA")) | AN17: =IF($A17="","",COUNTIF($D17:$AH17,"OR")) | AO17: =IF($A17="","",COUNTIF($D17:$AH17,"WO")) | AP17: =IF($A17="","",COUNTIF($D17:$AH17,"H")) | AS17: =IF(OR($A17="",$I$2=0),"",AI17/$I$2) | AT17: =IF(OR($A17="",$I$2=0),"",(AI17+AJ17)/$I$2) | AU17: =IF($A17="","",IF(OR($AK17>=2,AND($AK17>0,$AQ17=""),AND($AK17>0,$AR17="")),"CRITICAL",IF(OR($AK17=1,AND(($AJ17)>0,$AQ17=""),AND(($AJ17)>0,$AR17=""),$AT17<0.95),"REVIEW","OK")))
A18: =IF('Employee Master'!A18="","",'Employee Master'!A18) | B18: =IF($A18="","",'Employee Master'!B18) | C18: =IF($A18="","",'Employee Master'!C18) | D18: P | E18: P | F18: P | G18: P | H18: P | I18: P | J18: P | K18: P | L18: P | M18: P | N18: P | O18: P | P18: P | Q18: P | R18: P | S18: P | T18: P | U18: P | V18: P | W18: UA | X18: UA | Y18: UA | Z18: UA | AA18: UA | AB18: UA | AC18: UA | AD18: UA | AE18: UA | AF18: UA | AG18: UA | AH18: UA | AI18: =IF($A18="","",COUNTIF($D18:$AH18,"P")) | AJ18: =IF($A18="","",COUNTIF($D18:$AH18,"AA")+COUNTIF($D18:$AH18,"SA")+COUNTIF($D18:$AH18,"EA")+COUNTIF($D18:$AH18,"OR")+COUNTIF($D18:$AH18,"WO")+COUNTIF($D18:$AH18,"H")) | AK18: =IF($A18="","",COUNTIF($D18:$AH18,"UA")) | AL18: =IF($A18="","",COUNTIF($D18:$AH18,"SA")) | AM18: =IF($A18="","",COUNTIF($D18:$AH18,"EA")) | AN18: =IF($A18="","",COUNTIF($D18:$AH18,"OR")) | AO18: =IF($A18="","",COUNTIF($D18:$AH18,"WO")) | AP18: =IF($A18="","",COUNTIF($D18:$AH18,"H")) | AS18: =IF(OR($A18="",$I$2=0),"",AI18/$I$2) | AT18: =IF(OR($A18="",$I$2=0),"",(AI18+AJ18)/$I$2) | AU18: =IF($A18="","",IF(OR($AK18>=2,AND($AK18>0,$AQ18=""),AND($AK18>0,$AR18="")),"CRITICAL",IF(OR($AK18=1,AND(($AJ18)>0,$AQ18=""),AND(($AJ18)>0,$AR18=""),$AT18<0.95),"REVIEW","OK")))
A19: =IF('Employee Master'!A19="","",'Employee Master'!A19) | B19: =IF($A19="","",'Employee Master'!B19) | C19: =IF($A19="","",'Employee Master'!C19) | D19: P | E19: P | F19: P | G19: P | H19: P | I19: P | J19: P | K19: P | L19: P | M19: P | N19: P | O19: P | P19: P | Q19: P | R19: P | S19: P | T19: UA | U19: UA | V19: UA | W19: UA | X19: UA | Y19: UA | Z19: UA | AA19: UA | AB19: UA | AC19: UA | AD19: UA | AE19: UA | AF19: UA | AG19: UA | AH19: P | AI19: =IF($A19="","",COUNTIF($D19:$AH19,"P")) | AJ19: =IF($A19="","",COUNTIF($D19:$AH19,"AA")+COUNTIF($D19:$AH19,"SA")+COUNTIF($D19:$AH19,"EA")+COUNTIF($D19:$AH19,"OR")+COUNTIF($D19:$AH19,"WO")+COUNTIF($D19:$AH19,"H")) | AK19: =IF($A19="","",COUNTIF($D19:$AH19,"UA")) | AL19: =IF($A19="","",COUNTIF($D19:$AH19,"SA")) | AM19: =IF($A19="","",COUNTIF($D19:$AH19,"EA")) | AN19: =IF($A19="","",COUNTIF($D19:$AH19,"OR")) | AO19: =IF($A19="","",COUNTIF($D19:$AH19,"WO")) | AP19: =IF($A19="","",COUNTIF($D19:$AH19,"H")) | AS19: =IF(OR($A19="",$I$2=0),"",AI19/$I$2) | AT19: =IF(OR($A19="",$I$2=0),"",(AI19+AJ19)/$I$2) | AU19: =IF($A19="","",IF(OR($AK19>=2,AND($AK19>0,$AQ19=""),AND($AK19>0,$AR19="")),"CRITICAL",IF(OR($AK19=1,AND(($AJ19)>0,$AQ19=""),AND(($AJ19)>0,$AR19=""),$AT19<0.95),"REVIEW","OK")))
A20: =IF('Employee Master'!A20="","",'Employee Master'!A20) | B20: =IF($A20="","",'Employee Master'!B20) | C20: =IF($A20="","",'Employee Master'!C20) | D20: P | E20: P | F20: P | G20: P | H20: P | I20: P | J20: P | K20: UA | L20: P | M20: P | N20: P | O20: P | P20: UA | Q20: UA | R20: UA | S20: UA | T20: UA | U20: UA | V20: UA | W20: UA | X20: UA | Y20: UA | Z20: UA | AA20: UA | AB20: UA | AC20: UA | AD20: UA | AE20: UA | AF20: UA | AG20: UA | AH20: UA | AI20: =IF($A20="","",COUNTIF($D20:$AH20,"P")) | AJ20: =IF($A20="","",COUNTIF($D20:$AH20,"AA")+COUNTIF($D20:$AH20,"SA")+COUNTIF($D20:$AH20,"EA")+COUNTIF($D20:$AH20,"OR")+COUNTIF($D20:$AH20,"WO")+COUNTIF($D20:$AH20,"H")) | AK20: =IF($A20="","",COUNTIF($D20:$AH20,"UA")) | AL20: =IF($A20="","",COUNTIF($D20:$AH20,"SA")) | AM20: =IF($A20="","",COUNTIF($D20:$AH20,"EA")) | AN20: =IF($A20="","",COUNTIF($D20:$AH20,"OR")) | AO20: =IF($A20="","",COUNTIF($D20:$AH20,"WO")) | AP20: =IF($A20="","",COUNTIF($D20:$AH20,"H")) | AS20: =IF(OR($A20="",$I$2=0),"",AI20/$I$2) | AT20: =IF(OR($A20="",$I$2=0),"",(AI20+AJ20)/$I$2) | AU20: =IF($A20="","",IF(OR($AK20>=2,AND($AK20>0,$AQ20=""),AND($AK20>0,$AR20="")),"CRITICAL",IF(OR($AK20=1,AND(($AJ20)>0,$AQ20=""),AND(($AJ20)>0,$AR20=""),$AT20<0.95),"REVIEW","OK")))
A21: =IF('Employee Master'!A21="","",'Employee Master'!A21) | B21: =IF($A21="","",'Employee Master'!B21) | C21: =IF($A21="","",'Employee Master'!C21) | D21: P | E21: P | F21: P | G21: P | H21: P | I21: P | J21: P | K21: P | L21: P | M21: P | N21: P | O21: P | P21: P | Q21: P | R21: P | S21: P | T21: P | U21: P | V21: P | W21: P | X21: P | Y21: P | Z21: P | AA21: P | AB21: P | AC21: P | AD21: P | AE21: P | AF21: P | AG21: P | AH21: P | AI21: =IF($A21="","",COUNTIF($D21:$AH21,"P")) | AJ21: =IF($A21="","",COUNTIF($D21:$AH21,"AA")+COUNTIF($D21:$AH21,"SA")+COUNTIF($D21:$AH21,"EA")+COUNTIF($D21:$AH21,"OR")+COUNTIF($D21:$AH21,"WO")+COUNTIF($D21:$AH21,"H")) | AK21: =IF($A21="","",COUNTIF($D21:$AH21,"UA")) | AL21: =IF($A21="","",COUNTIF($D21:$AH21,"SA")) | AM21: =IF($A21="","",COUNTIF($D21:$AH21,"EA")) | AN21: =IF($A21="","",COUNTIF($D21:$AH21,"OR")) | AO21: =IF($A21="","",COUNTIF($D21:$AH21,"WO")) | AP21: =IF($A21="","",COUNTIF($D21:$AH21,"H")) | AS21: =IF(OR($A21="",$I$2=0),"",AI21/$I$2) | AT21: =IF(OR($A21="",$I$2=0),"",(AI21+AJ21)/$I$2) | AU21: =IF($A21="","",IF(OR($AK21>=2,AND($AK21>0,$AQ21=""),AND($AK21>0,$AR21="")),"CRITICAL",IF(OR($AK21=1,AND(($AJ21)>0,$AQ21=""),AND(($AJ21)>0,$AR21=""),$AT21<0.95),"REVIEW","OK")))
A22: =IF('Employee Master'!A22="","",'Employee Master'!A22) | B22: =IF($A22="","",'Employee Master'!B22) | C22: =IF($A22="","",'Employee Master'!C22) | D22: P | E22: P | F22: P | G22: P | H22: P | I22: P | J22: P | K22: P | L22: P | M22: P | N22: P | O22: P | P22: P | Q22: P | R22: P | S22: P | T22: P | U22: P | V22: P | W22: P | X22: P | Y22: P | Z22: P | AA22: P | AB22: P | AC22: P | AD22: P | AE22: P | AF22: P | AG22: P | AH22: P | AI22: =IF($A22="","",COUNTIF($D22:$AH22,"P")) | AJ22: =IF($A22="","",COUNTIF($D22:$AH22,"AA")+COUNTIF($D22:$AH22,"SA")+COUNTIF($D22:$AH22,"EA")+COUNTIF($D22:$AH22,"OR")+COUNTIF($D22:$AH22,"WO")+COUNTIF($D22:$AH22,"H")) | AK22: =IF($A22="","",COUNTIF($D22:$AH22,"UA")) | AL22: =IF($A22="","",COUNTIF($D22:$AH22,"SA")) | AM22: =IF($A22="","",COUNTIF($D22:$AH22,"EA")) | AN22: =IF($A22="","",COUNTIF($D22:$AH22,"OR")) | AO22: =IF($A22="","",COUNTIF($D22:$AH22,"WO")) | AP22: =IF($A22="","",COUNTIF($D22:$AH22,"H")) | AS22: =IF(OR($A22="",$I$2=0),"",AI22/$I$2) | AT22: =IF(OR($A22="",$I$2=0),"",(AI22+AJ22)/$I$2) | AU22: =IF($A22="","",IF(OR($AK22>=2,AND($AK22>0,$AQ22=""),AND($AK22>0,$AR22="")),"CRITICAL",IF(OR($AK22=1,AND(($AJ22)>0,$AQ22=""),AND(($AJ22)>0,$AR22=""),$AT22<0.95),"REVIEW","OK")))
... A28: =IF('Employee Master'!A28="","",'Employee Master'!A28) | B28: =IF($A28="","",'Employee Master'!B28) | C28: =IF($A28="","",'Employee Master'!C28) | D28: UA | E28: UA | F28: UA | G28: UA | H28: UA | I28: UA | J28: UA | K28: UA | L28: UA | M28: P | N28: P | O28: P | P28: P | Q28: P | R28: P | S28: P | T28: P | U28: P | V28: P | W28: P | X28: P | Y28: P | Z28: UA | AA28: UA | AB28: UA | AC28: UA | AD28: UA | AE28: UA | AF28: UA | AG28: UA | AH28: UA | AI28: =IF($A28="","",COUNTIF($D28:$AH28,"P")) | AJ28: =IF($A28="","",COUNTIF($D28:$AH28,"AA")+COUNTIF($D28:$AH28,"SA")+COUNTIF($D28:$AH28,"EA")+COUNTIF($D28:$AH28,"OR")+COUNTIF($D28:$AH28,"WO")+COUNTIF($D28:$AH28,"H")) | AK28: =IF($A28="","",COUNTIF($D28:$AH28,"UA")) | AL28: =IF($A28="","",COUNTIF($D28:$AH28,"SA")) | AM28: =IF($A28="","",COUNTIF($D28:$AH28,"EA")) | AN28: =IF($A28="","",COUNTIF($D28:$AH28,"OR")) | AO28: =IF($A28="","",COUNTIF($D28:$AH28,"WO")) | AP28: =IF($A28="","",COUNTIF($D28:$AH28,"H")) | AS28: =IF(OR($A28="",$I$2=0),"",AI28/$I$2) | AT28: =IF(OR($A28="",$I$2=0),"",(AI28+AJ28)/$I$2) | AU28: =IF($A28="","",IF(OR($AK28>=2,AND($AK28>0,$AQ28=""),AND($AK28>0,$AR28="")),"CRITICAL",IF(OR($AK28=1,AND(($AJ28)>0,$AQ28=""),AND(($AJ28)>0,$AR28=""),$AT28<0.95),"REVIEW","OK")))
A29: =IF('Employee Master'!A29="","",'Employee Master'!A29) | B29: =IF($A29="","",'Employee Master'!B29) | C29: =IF($A29="","",'Employee Master'!C29) | D29: P | E29: P | F29: P | G29: P | H29: P | I29: P | J29: P | K29: P | L29: P | M29: P | N29: P | O29: P | P29: P | Q29: P | R29: P | S29: P | T29: P | U29: P | V29: P | W29: P | X29: P | Y29: P | Z29: P | AA29: P | AB29: P | AC29: P | AD29: UA | AE29: UA | AF29: UA | AG29: UA | AH29: UA | AI29: =IF($A29="","",COUNTIF($D29:$AH29,"P")) | AJ29: =IF($A29="","",COUNTIF($D29:$AH29,"AA")+COUNTIF($D29:$AH29,"SA")+COUNTIF($D29:$AH29,"EA")+COUNTIF($D29:$AH29,"OR")+COUNTIF($D29:$AH29,"WO")+COUNTIF($D29:$AH29,"H")) | AK29: =IF($A29="","",COUNTIF($D29:$AH29,"UA")) | AL29: =IF($A29="","",COUNTIF($D29:$AH29,"SA")) | AM29: =IF($A29="","",COUNTIF($D29:$AH29,"EA")) | AN29: =IF($A29="","",COUNTIF($D29:$AH29,"OR")) | AO29: =IF($A29="","",COUNTIF($D29:$AH29,"WO")) | AP29: =IF($A29="","",COUNTIF($D29:$AH29,"H")) | AR29: Working 2 days/week — update P days manually | AS29: =IF(OR($A29="",$I$2=0),"",AI29/$I$2) | AT29: =IF(OR($A29="",$I$2=0),"",(AI29+AJ29)/$I$2) | AU29: =IF($A29="","",IF(OR($AK29>=2,AND($AK29>0,$AQ29=""),AND($AK29>0,$AR29="")),"CRITICAL",IF(OR($AK29=1,AND(($AJ29)>0,$AQ29=""),AND(($AJ29)>0,$AR29=""),$AT29<0.95),"REVIEW","OK")))
A30: =IF('Employee Master'!A30="","",'Employee Master'!A30) | B30: =IF($A30="","",'Employee Master'!B30) | C30: =IF($A30="","",'Employee Master'!C30) | D30: UA | E30: UA | F30: UA | G30: UA | H30: UA | I30: UA | J30: UA | K30: UA | L30: UA | M30: UA | N30: UA | O30: UA | P30: UA | Q30: P | R30: P | S30: P | T30: P | U30: P | V30: P | W30: P | X30: P | Y30: P | Z30: P | AA30: P | AB30: P | AC30: P | AD30: P | AE30: P | AF30: P | AG30: P | AH30: P | AI30: =IF($A30="","",COUNTIF($D30:$AH30,"P")) | AJ30: =IF($A30="","",COUNTIF($D30:$AH30,"AA")+COUNTIF($D30:$AH30,"SA")+COUNTIF($D30:$AH30,"EA")+COUNTIF($D30:$AH30,"OR")+COUNTIF($D30:$AH30,"WO")+COUNTIF($D30:$AH30,"H")) | AK30: =IF($A30="","",COUNTIF($D30:$AH30,"UA")) | AL30: =IF($A30="","",COUNTIF($D30:$AH30,"SA")) | AM30: =IF($A30="","",COUNTIF($D30:$AH30,"EA")) | AN30: =IF($A30="","",COUNTIF($D30:$AH30,"OR")) | AO30: =IF($A30="","",COUNTIF($D30:$AH30,"WO")) | AP30: =IF($A30="","",COUNTIF($D30:$AH30,"H")) | AS30: =IF(OR($A30="",$I$2=0),"",AI30/$I$2) | AT30: =IF(OR($A30="",$I$2=0),"",(AI30+AJ30)/$I$2) | AU30: =IF($A30="","",IF(OR($AK30>=2,AND($AK30>0,$AQ30=""),AND($AK30>0,$AR30="")),"CRITICAL",IF(OR($AK30=1,AND(($AJ30)>0,$AQ30=""),AND(($AJ30)>0,$AR30=""),$AT30<0.95),"REVIEW","OK")))
A31: =IF('Employee Master'!A31="","",'Employee Master'!A31) | B31: =IF($A31="","",'Employee Master'!B31) | C31: =IF($A31="","",'Employee Master'!C31) | D31: P | E31: P | F31: P | G31: P | H31: P | I31: P | J31: P | K31: P | L31: P | M31: P | N31: P | O31: P | P31: P | Q31: P | R31: P | S31: P | T31: P | U31: P | V31: UA | W31: UA | X31: UA | Y31: UA | Z31: UA | AA31: UA | AB31: UA | AC31: UA | AD31: UA | AE31: UA | AF31: UA | AG31: UA | AH31: UA | AI31: =IF($A31="","",COUNTIF($D31:$AH31,"P")) | AJ31: =IF($A31="","",COUNTIF($D31:$AH31,"AA")+COUNTIF($D31:$AH31,"SA")+COUNTIF($D31:$AH31,"EA")+COUNTIF($D31:$AH31,"OR")+COUNTIF($D31:$AH31,"WO")+COUNTIF($D31:$AH31,"H")) | AK31: =IF($A31="","",COUNTIF($D31:$AH31,"UA")) | AL31: =IF($A31="","",COUNTIF($D31:$AH31,"SA")) | AM31: =IF($A31="","",COUNTIF($D31:$AH31,"EA")) | AN31: =IF($A31="","",COUNTIF($D31:$AH31,"OR")) | AO31: =IF($A31="","",COUNTIF($D31:$AH31,"WO")) | AP31: =IF($A31="","",COUNTIF($D31:$AH31,"H")) | AS31: =IF(OR($A31="",$I$2=0),"",AI31/$I$2) | AT31: =IF(OR($A31="",$I$2=0),"",(AI31+AJ31)/$I$2) | AU31: =IF($A31="","",IF(OR($AK31>=2,AND($AK31>0,$AQ31=""),AND($AK31>0,$AR31="")),"CRITICAL",IF(OR($AK31=1,AND(($AJ31)>0,$AQ31=""),AND(($AJ31)>0,$AR31=""),$AT31<0.95),"REVIEW","OK")))
A32: =IF('Employee Master'!A32="","",'Employee Master'!A32) | B32: =IF($A32="","",'Employee Master'!B32) | C32: =IF($A32="","",'Employee Master'!C32) | D32: UA | E32: UA | F32: UA | G32: UA | H32: UA | I32: UA | J32: UA | K32: UA | L32: UA | M32: P | N32: UA | O32: P | P32: P | Q32: P | R32: P | S32: P | T32: P | U32: P | V32: P | W32: P | X32: P | Y32: P | Z32: P | AA32: P | AB32: P | AC32: P | AD32: P | AE32: P | AF32: P | AG32: P | AH32: P | AI32: =IF($A32="","",COUNTIF($D32:$AH32,"P")) | AJ32: =IF($A32="","",COUNTIF($D32:$AH32,"AA")+COUNTIF($D32:$AH32,"SA")+COUNTIF($D32:$AH32,"EA")+COUNTIF($D32:$AH32,"OR")+COUNTIF($D32:$AH32,"WO")+COUNTIF($D32:$AH32,"H")) | AK32: =IF($A32="","",COUNTIF($D32:$AH32,"UA")) | AL32: =IF($A32="","",COUNTIF($D32:$AH32,"SA")) | AM32: =IF($A32="","",COUNTIF($D32:$AH32,"EA")) | AN32: =IF($A32="","",COUNTIF($D32:$AH32,"OR")) | AO32: =IF($A32="","",COUNTIF($D32:$AH32,"WO")) | AP32: =IF($A32="","",COUNTIF($D32:$AH32,"H")) | AS32: =IF(OR($A32="",$I$2=0),"",AI32/$I$2) | AT32: =IF(OR($A32="",$I$2=0),"",(AI32+AJ32)/$I$2) | AU32: =IF($A32="","",IF(OR($AK32>=2,AND($AK32>0,$AQ32=""),AND($AK32>0,$AR32="")),"CRITICAL",IF(OR($AK32=1,AND(($AJ32)>0,$AQ32=""),AND(($AJ32)>0,$AR32=""),$AT32<0.95),"REVIEW","OK")))
A33: =IF('Employee Master'!A33="","",'Employee Master'!A33) | B33: =IF($A33="","",'Employee Master'!B33) | C33: =IF($A33="","",'Employee Master'!C33) | D33: P | E33: P | F33: P | G33: P | H33: P | I33: P | J33: P | K33: P | L33: P | M33: P | N33: P | O33: P | P33: P | Q33: P | R33: P | S33: P | T33: P | U33: P | V33: P | W33: P | X33: P | Y33: P | Z33: P | AA33: P | AB33: P | AC33: P | AD33: P | AE33: P | AF33: P | AG33: P | AH33: P | AI33: =IF($A33="","",COUNTIF($D33:$AH33,"P")) | AJ33: =IF($A33="","",COUNTIF($D33:$AH33,"AA")+COUNTIF($D33:$AH33,"SA")+COUNTIF($D33:$AH33,"EA")+COUNTIF($D33:$AH33,"OR")+COUNTIF($D33:$AH33,"WO")+COUNTIF($D33:$AH33,"H")) | AK33: =IF($A33="","",COUNTIF($D33:$AH33,"UA")) | AL33: =IF($A33="","",COUNTIF($D33:$AH33,"SA")) | AM33: =IF($A33="","",COUNTIF($D33:$AH33,"EA")) | AN33: =IF($A33="","",COUNTIF($D33:$AH33,"OR")) | AO33: =IF($A33="","",COUNTIF($D33:$AH33,"WO")) | AP33: =IF($A33="","",COUNTIF($D33:$AH33,"H")) | AS33: =IF(OR($A33="",$I$2=0),"",AI33/$I$2) | AT33: =IF(OR($A33="",$I$2=0),"",(AI33+AJ33)/$I$2) | AU33: =IF($A33="","",IF(OR($AK33>=2,AND($AK33>0,$AQ33=""),AND($AK33>0,$AR33="")),"CRITICAL",IF(OR($AK33=1,AND(($AJ33)>0,$AQ33=""),AND(($AJ33)>0,$AR33=""),$AT33<0.95),"REVIEW","OK")))
A34: =IF('Employee Master'!A34="","",'Employee Master'!A34) | B34: =IF($A34="","",'Employee Master'!B34) | C34: =IF($A34="","",'Employee Master'!C34) | D34: P | E34: P | F34: P | G34: P | H34: P | I34: P | J34: P | K34: P | L34: P | M34: P | N34: P | O34: P | P34: P | Q34: P | R34: P | S34: P | T34: P | U34: P | V34: P | W34: P | X34: P | Y34: P | Z34: P | AA34: P | AB34: P | AC34: P | AD34: P | AE34: P | AF34: P | AG34: P | AH34: P | AI34: =IF($A34="","",COUNTIF($D34:$AH34,"P")) | AJ34: =IF($A34="","",COUNTIF($D34:$AH34,"AA")+COUNTIF($D34:$AH34,"SA")+COUNTIF($D34:$AH34,"EA")+COUNTIF($D34:$AH34,"OR")+COUNTIF($D34:$AH34,"WO")+COUNTIF($D34:$AH34,"H")) | AK34: =IF($A34="","",COUNTIF($D34:$AH34,"UA")) | AL34: =IF($A34="","",COUNTIF($D34:$AH34,"SA")) | AM34: =IF($A34="","",COUNTIF($D34:$AH34,"EA")) | AN34: =IF($A34="","",COUNTIF($D34:$AH34,"OR")) | AO34: =IF($A34="","",COUNTIF($D34:$AH34,"WO")) | AP34: =IF($A34="","",COUNTIF($D34:$AH34,"H")) | AS34: =IF(OR($A34="",$I$2=0),"",AI34/$I$2) | AT34: =IF(OR($A34="",$I$2=0),"",(AI34+AJ34)/$I$2) | AU34: =IF($A34="","",IF(OR($AK34>=2,AND($AK34>0,$AQ34=""),AND($AK34>0,$AR34="")),"CRITICAL",IF(OR($AK34=1,AND(($AJ34)>0,$AQ34=""),AND(($AJ34)>0,$AR34=""),$AT34<0.95),"REVIEW","OK")))
A35: =IF('Employee Master'!A35="","",'Employee Master'!A35) | B35: =IF($A35="","",'Employee Master'!B35) | C35: =IF($A35="","",'Employee Master'!C35) | D35: P | E35: P | F35: P | G35: P | H35: P | I35: P | J35: P | K35: P | L35: P | M35: P | N35: P | O35: P | P35: P | Q35: P | R35: P | S35: P | T35: P | U35: P | V35: P | W35: P | X35: P | Y35: P | Z35: P | AA35: P | AB35: P | AC35: P | AD35: P | AE35: P | AF35: P | AG35: P | AH35: P | AI35: =IF($A35="","",COUNTIF($D35:$AH35,"P")) | AJ35: =IF($A35="","",COUNTIF($D35:$AH35,"AA")+COUNTIF($D35:$AH35,"SA")+COUNTIF($D35:$AH35,"EA")+COUNTIF($D35:$AH35,"OR")+COUNTIF($D35:$AH35,"WO")+COUNTIF($D35:$AH35,"H")) | AK35: =IF($A35="","",COUNTIF($D35:$AH35,"UA")) | AL35: =IF($A35="","",COUNTIF($D35:$AH35,"SA")) | AM35: =IF($A35="","",COUNTIF($D35:$AH35,"EA")) | AN35: =IF($A35="","",COUNTIF($D35:$AH35,"OR")) | AO35: =IF($A35="","",COUNTIF($D35:$AH35,"WO")) | AP35: =IF($A35="","",COUNTIF($D35:$AH35,"H")) | AS35: =IF(OR($A35="",$I$2=0),"",AI35/$I$2) | AT35: =IF(OR($A35="",$I$2=0),"",(AI35+AJ35)/$I$2) | AU35: =IF($A35="","",IF(OR($AK35>=2,AND($AK35>0,$AQ35=""),AND($AK35>0,$AR35="")),"CRITICAL",IF(OR($AK35=1,AND(($AJ35)>0,$AQ35=""),AND(($AJ35)>0,$AR35=""),$AT35<0.95),"REVIEW","OK")))
A36: =IF('Employee Master'!A36="","",'Employee Master'!A36) | B36: =IF($A36="","",'Employee Master'!B36) | C36: =IF($A36="","",'Employee Master'!C36) | D36: P | E36: P | F36: P | G36: P | H36: P | I36: P | J36: P | K36: P | L36: P | M36: P | N36: P | O36: P | P36: P | Q36: P | R36: P | S36: P | T36: P | U36: P | V36: P | W36: P | X36: P | Y36: P | Z36: P | AA36: P | AB36: P | AC36: P | AD36: P | AE36: P | AF36: P | AG36: P | AH36: P | AI36: =IF($A36="","",COUNTIF($D36:$AH36,"P")) | AJ36: =IF($A36="","",COUNTIF($D36:$AH36,"AA")+COUNTIF($D36:$AH36,"SA")+COUNTIF($D36:$AH36,"EA")+COUNTIF($D36:$AH36,"OR")+COUNTIF($D36:$AH36,"WO")+COUNTIF($D36:$AH36,"H")) | AK36: =IF($A36="","",COUNTIF($D36:$AH36,"UA")) | AL36: =IF($A36="","",COUNTIF($D36:$AH36,"SA")) | AM36: =IF($A36="","",COUNTIF($D36:$AH36,"EA")) | AN36: =IF($A36="","",COUNTIF($D36:$AH36,"OR")) | AO36: =IF($A36="","",COUNTIF($D36:$AH36,"WO")) | AP36: =IF($A36="","",COUNTIF($D36:$AH36,"H")) | AS36: =IF(OR($A36="",$I$2=0),"",AI36/$I$2) | AT36: =IF(OR($A36="",$I$2=0),"",(AI36+AJ36)/$I$2) | AU36: =IF($A36="","",IF(OR($AK36>=2,AND($AK36>0,$AQ36=""),AND($AK36>0,$AR36="")),"CRITICAL",IF(OR($AK36=1,AND(($AJ36)>0,$AQ36=""),AND(($AJ36)>0,$AR36=""),$AT36<0.95),"REVIEW","OK")))
A37: =IF('Employee Master'!A37="","",'Employee Master'!A37) | B37: =IF($A37="","",'Employee Master'!B37) | C37: =IF($A37="","",'Employee Master'!C37) | D37: P | E37: P | F37: P | G37: P | H37: P | I37: P | J37: P | K37: P | L37: P | M37: P | N37: P | O37: P | P37: P | Q37: P | R37: P | S37: P | T37: P | U37: P | V37: P | W37: P | X37: P | Y37: P | Z37: P | AA37: P | AB37: P | AC37: P | AD37: P | AE37: P | AF37: P | AG37: P | AH37: P | AI37: =IF($A37="","",COUNTIF($D37:$AH37,"P")) | AJ37: =IF($A37="","",COUNTIF($D37:$AH37,"AA")+COUNTIF($D37:$AH37,"SA")+COUNTIF($D37:$AH37,"EA")+COUNTIF($D37:$AH37,"OR")+COUNTIF($D37:$AH37,"WO")+COUNTIF($D37:$AH37,"H")) | AK37: =IF($A37="","",COUNTIF($D37:$AH37,"UA")) | AL37: =IF($A37="","",COUNTIF($D37:$AH37,"SA")) | AM37: =IF($A37="","",COUNTIF($D37:$AH37,"EA")) | AN37: =IF($A37="","",COUNTIF($D37:$AH37,"OR")) | AO37: =IF($A37="","",COUNTIF($D37:$AH37,"WO")) | AP37: =IF($A37="","",COUNTIF($D37:$AH37,"H")) | AS37: =IF(OR($A37="",$I$2=0),"",AI37/$I$2) | AT37: =IF(OR($A37="",$I$2=0),"",(AI37+AJ37)/$I$2) | AU37: =IF($A37="","",IF(OR($AK37>=2,AND($AK37>0,$AQ37=""),AND($AK37>0,$AR37="")),"CRITICAL",IF(OR($AK37=1,AND(($AJ37)>0,$AQ37=""),AND(($AJ37)>0,$AR37=""),$AT37<0.95),"REVIEW","OK")))
A38: =IF('Employee Master'!A38="","",'Employee Master'!A38) | B38: =IF($A38="","",'Employee Master'!B38) | C38: =IF($A38="","",'Employee Master'!C38) | D38: P | E38: P | F38: P | G38: P | H38: P | I38: P | J38: P | K38: P | L38: P | M38: P | N38: P | O38: P | P38: P | Q38: P | R38: P | S38: P | T38: P | U38: P | V38: P | W38: P | X38: P | Y38: P | Z38: P | AA38: P | AB38: P | AC38: P | AD38: P | AE38: P | AF38: P | AG38: P | AH38: P | AI38: =IF($A38="","",COUNTIF($D38:$AH38,"P")) | AJ38: =IF($A38="","",COUNTIF($D38:$AH38,"AA")+COUNTIF($D38:$AH38,"SA")+COUNTIF($D38:$AH38,"EA")+COUNTIF($D38:$AH38,"OR")+COUNTIF($D38:$AH38,"WO")+COUNTIF($D38:$AH38,"H")) | AK38: =IF($A38="","",COUNTIF($D38:$AH38,"UA")) | AL38: =IF($A38="","",COUNTIF($D38:$AH38,"SA")) | AM38: =IF($A38="","",COUNTIF($D38:$AH38,"EA")) | AN38: =IF($A38="","",COUNTIF($D38:$AH38,"OR")) | AO38: =IF($A38="","",COUNTIF($D38:$AH38,"WO")) | AP38: =IF($A38="","",COUNTIF($D38:$AH38,"H")) | AS38: =IF(OR($A38="",$I$2=0),"",AI38/$I$2) | AT38: =IF(OR($A38="",$I$2=0),"",(AI38+AJ38)/$I$2) | AU38: =IF($A38="","",IF(OR($AK38>=2,AND($AK38>0,$AQ38=""),AND($AK38>0,$AR38="")),"CRITICAL",IF(OR($AK38=1,AND(($AJ38)>0,$AQ38=""),AND(($AJ38)>0,$AR38=""),$AT38<0.95),"REVIEW","OK")))
A39: =IF('Employee Master'!A39="","",'Employee Master'!A39) | B39: =IF($A39="","",'Employee Master'!B39) | C39: =IF($A39="","",'Employee Master'!C39) | D39: P | E39: P | F39: P | G39: P | H39: P | I39: P | J39: P | K39: P | L39: P | M39: P | N39: P | O39: P | P39: P | Q39: P | R39: P | S39: P | T39: P | U39: P | V39: P | W39: P | X39: P | Y39: UA | Z39: UA | AA39: UA | AB39: UA | AC39: UA | AD39: UA | AE39: UA | AF39: UA | AG39: UA | AH39: UA | AI39: =IF($A39="","",COUNTIF($D39:$AH39,"P")) | AJ39: =IF($A39="","",COUNTIF($D39:$AH39,"AA")+COUNTIF($D39:$AH39,"SA")+COUNTIF($D39:$AH39,"EA")+COUNTIF($D39:$AH39,"OR")+COUNTIF($D39:$AH39,"WO")+COUNTIF($D39:$AH39,"H")) | AK39: =IF($A39="","",COUNTIF($D39:$AH39,"UA")) | AL39: =IF($A39="","",COUNTIF($D39:$AH39,"SA")) | AM39: =IF($A39="","",COUNTIF($D39:$AH39,"EA")) | AN39: =IF($A39="","",COUNTIF($D39:$AH39,"OR")) | AO39: =IF($A39="","",COUNTIF($D39:$AH39,"WO")) | AP39: =IF($A39="","",COUNTIF($D39:$AH39,"H")) | AS39: =IF(OR($A39="",$I$2=0),"",AI39/$I$2) | AT39: =IF(OR($A39="",$I$2=0),"",(AI39+AJ39)/$I$2) | AU39: =IF($A39="","",IF(OR($AK39>=2,AND($AK39>0,$AQ39=""),AND($AK39>0,$AR39="")),"CRITICAL",IF(OR($AK39=1,AND(($AJ39)>0,$AQ39=""),AND(($AJ39)>0,$AR39=""),$AT39<0.95),"REVIEW","OK")))
A40: =IF('Employee Master'!A40="","",'Employee Master'!A40) | B40: =IF($A40="","",'Employee Master'!B40) | C40: =IF($A40="","",'Employee Master'!C40) | D40: UA | E40: UA | F40: UA | G40: UA | H40: UA | I40: UA | J40: UA | K40: UA | L40: UA | M40: UA | N40: UA | O40: UA | P40: UA | Q40: UA | R40: UA | S40: UA | T40: UA | U40: UA | V40: UA | W40: UA | X40: UA | Y40: UA | Z40: UA | AA40: UA | AB40: UA | AC40: UA | AD40: UA | AE40: UA | AF40: UA | AG40: UA | AH40: UA | AI40: =IF($A40="","",COUNTIF($D40:$AH40,"P")) | AJ40: =IF($A40="","",COUNTIF($D40:$AH40,"AA")+COUNTIF($D40:$AH40,"SA")+COUNTIF($D40:$AH40,"EA")+COUNTIF($D40:$AH40,"OR")+COUNTIF($D40:$AH40,"WO")+COUNTIF($D40:$AH40,"H")) | AK40: =IF($A40="","",COUNTIF($D40:$AH40,"UA")) | AL40: =IF($A40="","",COUNTIF($D40:$AH40,"SA")) | AM40: =IF($A40="","",COUNTIF($D40:$AH40,"EA")) | AN40: =IF($A40="","",COUNTIF($D40:$AH40,"OR")) | AO40: =IF($A40="","",COUNTIF($D40:$AH40,"WO")) | AP40: =IF($A40="","",COUNTIF($D40:$AH40,"H")) | AR40: Working 2 days/week — update P days manually | AS40: =IF(OR($A40="",$I$2=0),"",AI40/$I$2) | AT40: =IF(OR($A40="",$I$2=0),"",(AI40+AJ40)/$I$2) | AU40: =IF($A40="","",IF(OR($AK40>=2,AND($AK40>0,$AQ40=""),AND($AK40>0,$AR40="")),"CRITICAL",IF(OR($AK40=1,AND(($AJ40)>0,$AQ40=""),AND(($AJ40)>0,$AR40=""),$AT40<0.95),"REVIEW","OK")))
A41: =IF('Employee Master'!A41="","",'Employee Master'!A41) | B41: =IF($A41="","",'Employee Master'!B41) | C41: =IF($A41="","",'Employee Master'!C41) | D41: P | E41: P | F41: P | G41: P | H41: P | I41: P | J41: P | K41: P | L41: P | M41: P | N41: P | O41: P | P41: P | Q41: P | R41: P | S41: P | T41: P | U41: P | V41: P | W41: P | X41: P | Y41: P | Z41: P | AA41: P | AB41: P | AC41: P | AD41: P | AE41: P | AF41: P | AG41: P | AH41: P | AI41: =IF($A41="","",COUNTIF($D41:$AH41,"P")) | AJ41: =IF($A41="","",COUNTIF($D41:$AH41,"AA")+COUNTIF($D41:$AH41,"SA")+COUNTIF($D41:$AH41,"EA")+COUNTIF($D41:$AH41,"OR")+COUNTIF($D41:$AH41,"WO")+COUNTIF($D41:$AH41,"H")) | AK41: =IF($A41="","",COUNTIF($D41:$AH41,"UA")) | AL41: =IF($A41="","",COUNTIF($D41:$AH41,"SA")) | AM41: =IF($A41="","",COUNTIF($D41:$AH41,"EA")) | AN41: =IF($A41="","",COUNTIF($D41:$AH41,"OR")) | AO41: =IF($A41="","",COUNTIF($D41:$AH41,"WO")) | AP41: =IF($A41="","",COUNTIF($D41:$AH41,"H")) | AS41: =IF(OR($A41="",$I$2=0),"",AI41/$I$2) | AT41: =IF(OR($A41="",$I$2=0),"",(AI41+AJ41)/$I$2) | AU41: =IF($A41="","",IF(OR($AK41>=2,AND($AK41>0,$AQ41=""),AND($AK41>0,$AR41="")),"CRITICAL",IF(OR($AK41=1,AND(($AJ41)>0,$AQ41=""),AND(($AJ41)>0,$AR41=""),$AT41<0.95),"REVIEW","OK")))
A42: =IF('Employee Master'!A42="","",'Employee Master'!A42) | B42: =IF($A42="","",'Employee Master'!B42) | C42: =IF($A42="","",'Employee Master'!C42) | D42: P | E42: P | F42: P | G42: P | H42: P | I42: P | J42: P | K42: P | L42: P | M42: P | N42: P | O42: P | P42: P | Q42: P | R42: P | S42: P | T42: P | U42: P | V42: P | W42: P | X42: P | Y42: P | Z42: P | AA42: P | AB42: P | AC42: P | AD42: P | AE42: P | AF42: P | AG42: P | AH42: P | AI42: =IF($A42="","",COUNTIF($D42:$AH42,"P")) | AJ42: =IF($A42="","",COUNTIF($D42:$AH42,"AA")+COUNTIF($D42:$AH42,"SA")+COUNTIF($D42:$AH42,"EA")+COUNTIF($D42:$AH42,"OR")+COUNTIF($D42:$AH42,"WO")+COUNTIF($D42:$AH42,"H")) | AK42: =IF($A42="","",COUNTIF($D42:$AH42,"UA")) | AL42: =IF($A42="","",COUNTIF($D42:$AH42,"SA")) | AM42: =IF($A42="","",COUNTIF($D42:$AH42,"EA")) | AN42: =IF($A42="","",COUNTIF($D42:$AH42,"OR")) | AO42: =IF($A42="","",COUNTIF($D42:$AH42,"WO")) | AP42: =IF($A42="","",COUNTIF($D42:$AH42,"H")) | AS42: =IF(OR($A42="",$I$2=0),"",AI42/$I$2) | AT42: =IF(OR($A42="",$I$2=0),"",(AI42+AJ42)/$I$2) | AU42: =IF($A42="","",IF(OR($AK42>=2,AND($AK42>0,$AQ42=""),AND($AK42>0,$AR42="")),"CRITICAL",IF(OR($AK42=1,AND(($AJ42)>0,$AQ42=""),AND(($AJ42)>0,$AR42=""),$AT42<0.95),"REVIEW","OK")))
A43: =IF('Employee Master'!A43="","",'Employee Master'!A43) | B43: =IF($A43="","",'Employee Master'!B43) | C43: =IF($A43="","",'Employee Master'!C43) | D43: P | E43: P | F43: P | G43: P | H43: P | I43: P | J43: P | K43: P | L43: P | M43: P | N43: P | O43: P | P43: P | Q43: P | R43: P | S43: P | T43: P | U43: P | V43: P | W43: P | X43: P | Y43: P | Z43: P | AA43: P | AB43: P | AC43: P | AD43: P | AE43: P | AF43: P | AG43: P | AH43: P | AI43: =IF($A43="","",COUNTIF($D43:$AH43,"P")) | AJ43: =IF($A43="","",COUNTIF($D43:$AH43,"AA")+COUNTIF($D43:$AH43,"SA")+COUNTIF($D43:$AH43,"EA")+COUNTIF($D43:$AH43,"OR")+COUNTIF($D43:$AH43,"WO")+COUNTIF($D43:$AH43,"H")) | AK43: =IF($A43="","",COUNTIF($D43:$AH43,"UA")) | AL43: =IF($A43="","",COUNTIF($D43:$AH43,"SA")) | AM43: =IF($A43="","",COUNTIF($D43:$AH43,"EA")) | AN43: =IF($A43="","",COUNTIF($D43:$AH43,"OR")) | AO43: =IF($A43="","",COUNTIF($D43:$AH43,"WO")) | AP43: =IF($A43="","",COUNTIF($D43:$AH43,"H")) | AS43: =IF(OR($A43="",$I$2=0),"",AI43/$I$2) | AT43: =IF(OR($A43="",$I$2=0),"",(AI43+AJ43)/$I$2) | AU43: =IF($A43="","",IF(OR($AK43>=2,AND($AK43>0,$AQ43=""),AND($AK43>0,$AR43="")),"CRITICAL",IF(OR($AK43=1,AND(($AJ43)>0,$AQ43=""),AND(($AJ43)>0,$AR43=""),$AT43<0.95),"REVIEW","OK")))
A44: =IF('Employee Master'!A44="","",'Employee Master'!A44) | B44: =IF($A44="","",'Employee Master'!B44) | C44: =IF($A44="","",'Employee Master'!C44) | D44: P | E44: UA | F44: UA | G44: UA | H44: UA | I44: UA | J44: UA | K44: UA | L44: UA | M44: UA | N44: UA | O44: UA | P44: UA | Q44: UA | R44: UA | S44: UA | T44: UA | U44: UA | V44: UA | W44: UA | X44: UA | Y44: UA | Z44: UA | AA44: UA | AB44: UA | AC44: UA | AD44: UA | AE44: UA | AF44: UA | AG44: UA | AH44: P | AI44: =IF($A44="","",COUNTIF($D44:$AH44,"P")) | AJ44: =IF($A44="","",COUNTIF($D44:$AH44,"AA")+COUNTIF($D44:$AH44,"SA")+COUNTIF($D44:$AH44,"EA")+COUNTIF($D44:$AH44,"OR")+COUNTIF($D44:$AH44,"WO")+COUNTIF($D44:$AH44,"H")) | AK44: =IF($A44="","",COUNTIF($D44:$AH44,"UA")) | AL44: =IF($A44="","",COUNTIF($D44:$AH44,"SA")) | AM44: =IF($A44="","",COUNTIF($D44:$AH44,"EA")) | AN44: =IF($A44="","",COUNTIF($D44:$AH44,"OR")) | AO44: =IF($A44="","",COUNTIF($D44:$AH44,"WO")) | AP44: =IF($A44="","",COUNTIF($D44:$AH44,"H")) | AS44: =IF(OR($A44="",$I$2=0),"",AI44/$I$2) | AT44: =IF(OR($A44="",$I$2=0),"",(AI44+AJ44)/$I$2) | AU44: =IF($A44="","",IF(OR($AK44>=2,AND($AK44>0,$AQ44=""),AND($AK44>0,$AR44="")),"CRITICAL",IF(OR($AK44=1,AND(($AJ44)>0,$AQ44=""),AND(($AJ44)>0,$AR44=""),$AT44<0.95),"REVIEW","OK")))
A45: =IF('Employee Master'!A45="","",'Employee Master'!A45) | B45: =IF($A45="","",'Employee Master'!B45) | C45: =IF($A45="","",'Employee Master'!C45) | D45: P | E45: P | F45: P | G45: P | H45: P | I45: P | J45: P | K45: P | L45: P | M45: P | N45: P | O45: P | P45: P | Q45: P | R45: P | S45: P | T45: P | U45: P | V45: P | W45: P | X45: P | Y45: P | Z45: P | AA45: P | AB45: P | AC45: P | AD45: P | AE45: P | AF45: P | AG45: P | AH45: P | AI45: =IF($A45="","",COUNTIF($D45:$AH45,"P")) | AJ45: =IF($A45="","",COUNTIF($D45:$AH45,"AA")+COUNTIF($D45:$AH45,"SA")+COUNTIF($D45:$AH45,"EA")+COUNTIF($D45:$AH45,"OR")+COUNTIF($D45:$AH45,"WO")+COUNTIF($D45:$AH45,"H")) | AK45: =IF($A45="","",COUNTIF($D45:$AH45,"UA")) | AL45: =IF($A45="","",COUNTIF($D45:$AH45,"SA")) | AM45: =IF($A45="","",COUNTIF($D45:$AH45,"EA")) | AN45: =IF($A45="","",COUNTIF($D45:$AH45,"OR")) | AO45: =IF($A45="","",COUNTIF($D45:$AH45,"WO")) | AP45: =IF($A45="","",COUNTIF($D45:$AH45,"H")) | AS45: =IF(OR($A45="",$I$2=0),"",AI45/$I$2) | AT45: =IF(OR($A45="",$I$2=0),"",(AI45+AJ45)/$I$2) | AU45: =IF($A45="","",IF(OR($AK45>=2,AND($AK45>0,$AQ45=""),AND($AK45>0,$AR45="")),"CRITICAL",IF(OR($AK45=1,AND(($AJ45)>0,$AQ45=""),AND(($AJ45)>0,$AR45=""),$AT45<0.95),"REVIEW","OK")))
A46: =IF('Employee Master'!A46="","",'Employee Master'!A46) | B46: =IF($A46="","",'Employee Master'!B46) | C46: =IF($A46="","",'Employee Master'!C46) | D46: P | E46: P | F46: P | G46: P | H46: P | I46: P | J46: P | K46: P | L46: P | M46: P | N46: P | O46: P | P46: P | Q46: P | R46: P | S46: P | T46: P | U46: P | V46: P | W46: P | X46: P | Y46: P | Z46: P | AA46: P | AB46: P | AC46: P | AD46: P | AE46: P | AF46: P | AG46: P | AH46: P | AI46: =IF($A46="","",COUNTIF($D46:$AH46,"P")) | AJ46: =IF($A46="","",COUNTIF($D46:$AH46,"AA")+COUNTIF($D46:$AH46,"SA")+COUNTIF($D46:$AH46,"EA")+COUNTIF($D46:$AH46,"OR")+COUNTIF($D46:$AH46,"WO")+COUNTIF($D46:$AH46,"H")) | AK46: =IF($A46="","",COUNTIF($D46:$AH46,"UA")) | AL46: =IF($A46="","",COUNTIF($D46:$AH46,"SA")) | AM46: =IF($A46="","",COUNTIF($D46:$AH46,"EA")) | AN46: =IF($A46="","",COUNTIF($D46:$AH46,"OR")) | AO46: =IF($A46="","",COUNTIF($D46:$AH46,"WO")) | AP46: =IF($A46="","",COUNTIF($D46:$AH46,"H")) | AS46: =IF(OR($A46="",$I$2=0),"",AI46/$I$2) | AT46: =IF(OR($A46="",$I$2=0),"",(AI46+AJ46)/$I$2) | AU46: =IF($A46="","",IF(OR($AK46>=2,AND($AK46>0,$AQ46=""),AND($AK46>0,$AR46="")),"CRITICAL",IF(OR($AK46=1,AND(($AJ46)>0,$AQ46=""),AND(($AJ46)>0,$AR46=""),$AT46<0.95),"REVIEW","OK")))
A47: =IF('Employee Master'!A47="","",'Employee Master'!A47) | B47: =IF($A47="","",'Employee Master'!B47) | C47: =IF($A47="","",'Employee Master'!C47) | D47: P | E47: P | F47: P | G47: P | H47: P | I47: UA | J47: P | K47: P | L47: P | M47: P | N47: P | O47: P | P47: P | Q47: P | R47: P | S47: P | T47: P | U47: P | V47: P | W47: P | X47: P | Y47: P | Z47: P | AA47: P | AB47: P | AC47: P | AD47: P | AE47: P | AF47: P | AG47: UA | AH47: UA | AI47: =IF($A47="","",COUNTIF($D47:$AH47,"P")) | AJ47: =IF($A47="","",COUNTIF($D47:$AH47,"AA")+COUNTIF($D47:$AH47,"SA")+COUNTIF($D47:$AH47,"EA")+COUNTIF($D47:$AH47,"OR")+COUNTIF($D47:$AH47,"WO")+COUNTIF($D47:$AH47,"H")) | AK47: =IF($A47="","",COUNTIF($D47:$AH47,"UA")) | AL47: =IF($A47="","",COUNTIF($D47:$AH47,"SA")) | AM47: =IF($A47="","",COUNTIF($D47:$AH47,"EA")) | AN47: =IF($A47="","",COUNTIF($D47:$AH47,"OR")) | AO47: =IF($A47="","",COUNTIF($D47:$AH47,"WO")) | AP47: =IF($A47="","",COUNTIF($D47:$AH47,"H")) | AR47: Working 2 days/week — update P days manually | AS47: =IF(OR($A47="",$I$2=0),"",AI47/$I$2) | AT47: =IF(OR($A47="",$I$2=0),"",(AI47+AJ47)/$I$2) | AU47: =IF($A47="","",IF(OR($AK47>=2,AND($AK47>0,$AQ47=""),AND($AK47>0,$AR47="")),"CRITICAL",IF(OR($AK47=1,AND(($AJ47)>0,$AQ47=""),AND(($AJ47)>0,$AR47=""),$AT47<0.95),"REVIEW","OK")))
A48: =IF('Employee Master'!A48="","",'Employee Master'!A48) | B48: =IF($A48="","",'Employee Master'!B48) | C48: =IF($A48="","",'Employee Master'!C48) | D48: UA | E48: UA | F48: UA | G48: UA | H48: UA | I48: UA | J48: UA | K48: UA | L48: UA | M48: UA | N48: UA | O48: UA | P48: UA | Q48: UA | R48: UA | S48: UA | T48: UA | U48: UA | V48: P | W48: P | X48: P | Y48: P | Z48: UA | AA48: UA | AB48: UA | AC48: UA | AD48: P | AE48: P | AF48: P | AG48: P | AH48: P | AI48: =IF($A48="","",COUNTIF($D48:$AH48,"P")) | AJ48: =IF($A48="","",COUNTIF($D48:$AH48,"AA")+COUNTIF($D48:$AH48,"SA")+COUNTIF($D48:$AH48,"EA")+COUNTIF($D48:$AH48,"OR")+COUNTIF($D48:$AH48,"WO")+COUNTIF($D48:$AH48,"H")) | AK48: =IF($A48="","",COUNTIF($D48:$AH48,"UA")) | AL48: =IF($A48="","",COUNTIF($D48:$AH48,"SA")) | AM48: =IF($A48="","",COUNTIF($D48:$AH48,"EA")) | AN48: =IF($A48="","",COUNTIF($D48:$AH48,"OR")) | AO48: =IF($A48="","",COUNTIF($D48:$AH48,"WO")) | AP48: =IF($A48="","",COUNTIF($D48:$AH48,"H")) | AS48: =IF(OR($A48="",$I$2=0),"",AI48/$I$2) | AT48: =IF(OR($A48="",$I$2=0),"",(AI48+AJ48)/$I$2) | AU48: =IF($A48="","",IF(OR($AK48>=2,AND($AK48>0,$AQ48=""),AND($AK48>0,$AR48="")),"CRITICAL",IF(OR($AK48=1,AND(($AJ48)>0,$AQ48=""),AND(($AJ48)>0,$AR48=""),$AT48<0.95),"REVIEW","OK")))
A49: =IF('Employee Master'!A49="","",'Employee Master'!A49) | B49: =IF($A49="","",'Employee Master'!B49) | C49: =IF($A49="","",'Employee Master'!C49) | D49: P | E49: P | F49: P | G49: P | H49: P | I49: P | J49: P | K49: UA | L49: P | M49: P | N49: P | O49: UA | P49: UA | Q49: UA | R49: UA | S49: UA | T49: UA | U49: UA | V49: UA | W49: UA | X49: UA | Y49: UA | Z49: UA | AA49: P | AB49: P | AC49: P | AD49: P | AE49: P | AF49: P | AG49: P | AH49: P | AI49: =IF($A49="","",COUNTIF($D49:$AH49,"P")) | AJ49: =IF($A49="","",COUNTIF($D49:$AH49,"AA")+COUNTIF($D49:$AH49,"SA")+COUNTIF($D49:$AH49,"EA")+COUNTIF($D49:$AH49,"OR")+COUNTIF($D49:$AH49,"WO")+COUNTIF($D49:$AH49,"H")) | AK49: =IF($A49="","",COUNTIF($D49:$AH49,"UA")) | AL49: =IF($A49="","",COUNTIF($D49:$AH49,"SA")) | AM49: =IF($A49="","",COUNTIF($D49:$AH49,"EA")) | AN49: =IF($A49="","",COUNTIF($D49:$AH49,"OR")) | AO49: =IF($A49="","",COUNTIF($D49:$AH49,"WO")) | AP49: =IF($A49="","",COUNTIF($D49:$AH49,"H")) | AS49: =IF(OR($A49="",$I$2=0),"",AI49/$I$2) | AT49: =IF(OR($A49="",$I$2=0),"",(AI49+AJ49)/$I$2) | AU49: =IF($A49="","",IF(OR($AK49>=2,AND($AK49>0,$AQ49=""),AND($AK49>0,$AR49="")),"CRITICAL",IF(OR($AK49=1,AND(($AJ49)>0,$AQ49=""),AND(($AJ49)>0,$AR49=""),$AT49<0.95),"REVIEW","OK")))
A50: =IF('Employee Master'!A50="","",'Employee Master'!A50) | B50: =IF($A50="","",'Employee Master'!B50) | C50: =IF($A50="","",'Employee Master'!C50) | D50: UA | E50: UA | F50: UA | G50: UA | H50: UA | I50: UA | J50: UA | K50: UA | L50: UA | M50: UA | N50: UA | O50: UA | P50: UA | Q50: UA | R50: UA | S50: UA | T50: UA | U50: UA | V50: UA | W50: UA | X50: UA | Y50: UA | Z50: UA | AA50: UA | AB50: P | AC50: P | AD50: P | AE50: P | AF50: P | AG50: P | AH50: P | AI50: =IF($A50="","",COUNTIF($D50:$AH50,"P")) | AJ50: =IF($A50="","",COUNTIF($D50:$AH50,"AA")+COUNTIF($D50:$AH50,"SA")+COUNTIF($D50:$AH50,"EA")+COUNTIF($D50:$AH50,"OR")+COUNTIF($D50:$AH50,"WO")+COUNTIF($D50:$AH50,"H")) | AK50: =IF($A50="","",COUNTIF($D50:$AH50,"UA")) | AL50: =IF($A50="","",COUNTIF($D50:$AH50,"SA")) | AM50: =IF($A50="","",COUNTIF($D50:$AH50,"EA")) | AN50: =IF($A50="","",COUNTIF($D50:$AH50,"OR")) | AO50: =IF($A50="","",COUNTIF($D50:$AH50,"WO")) | AP50: =IF($A50="","",COUNTIF($D50:$AH50,"H")) | AS50: =IF(OR($A50="",$I$2=0),"",AI50/$I$2) | AT50: =IF(OR($A50="",$I$2=0),"",(AI50+AJ50)/$I$2) | AU50: =IF($A50="","",IF(OR($AK50>=2,AND($AK50>0,$AQ50=""),AND($AK50>0,$AR50="")),"CRITICAL",IF(OR($AK50=1,AND(($AJ50)>0,$AQ50=""),AND(($AJ50)>0,$AR50=""),$AT50<0.95),"REVIEW","OK")))
A51: =IF('Employee Master'!A51="","",'Employee Master'!A51) | B51: =IF($A51="","",'Employee Master'!B51) | C51: =IF($A51="","",'Employee Master'!C51) | D51: P | E51: P | F51: P | G51: P | H51: P | I51: P | J51: P | K51: P | L51: P | M51: P | N51: P | O51: P | P51: P | Q51: P | R51: P | S51: P | T51: P | U51: P | V51: P | W51: P | X51: P | Y51: P | Z51: P | AA51: P | AB51: P | AC51: P | AD51: P | AE51: P | AF51: P | AG51: P | AH51: P | AI51: =IF($A51="","",COUNTIF($D51:$AH51,"P")) | AJ51: =IF($A51="","",COUNTIF($D51:$AH51,"AA")+COUNTIF($D51:$AH51,"SA")+COUNTIF($D51:$AH51,"EA")+COUNTIF($D51:$AH51,"OR")+COUNTIF($D51:$AH51,"WO")+COUNTIF($D51:$AH51,"H")) | AK51: =IF($A51="","",COUNTIF($D51:$AH51,"UA")) | AL51: =IF($A51="","",COUNTIF($D51:$AH51,"SA")) | AM51: =IF($A51="","",COUNTIF($D51:$AH51,"EA")) | AN51: =IF($A51="","",COUNTIF($D51:$AH51,"OR")) | AO51: =IF($A51="","",COUNTIF($D51:$AH51,"WO")) | AP51: =IF($A51="","",COUNTIF($D51:$AH51,"H")) | AS51: =IF(OR($A51="",$I$2=0),"",AI51/$I$2) | AT51: =IF(OR($A51="",$I$2=0),"",(AI51+AJ51)/$I$2) | AU51: =IF($A51="","",IF(OR($AK51>=2,AND($AK51>0,$AQ51=""),AND($AK51>0,$AR51="")),"CRITICAL",IF(OR($AK51=1,AND(($AJ51)>0,$AQ51=""),AND(($AJ51)>0,$AR51=""),$AT51<0.95),"REVIEW","OK")))
A52: =IF('Employee Master'!A52="","",'Employee Master'!A52) | B52: =IF($A52="","",'Employee Master'!B52) | C52: =IF($A52="","",'Employee Master'!C52) | D52: UA | E52: P | F52: P | G52: P | H52: P | I52: P | J52: P | K52: P | L52: P | M52: P | N52: P | O52: P | P52: P | Q52: P | R52: P | S52: P | T52: P | U52: P | V52: P | W52: P | X52: P | Y52: P | Z52: UA | AA52: UA | AB52: UA | AC52: UA | AD52: UA | AE52: UA | AF52: UA | AG52: P | AH52: P | AI52: =IF($A52="","",COUNTIF($D52:$AH52,"P")) | AJ52: =IF($A52="","",COUNTIF($D52:$AH52,"AA")+COUNTIF($D52:$AH52,"SA")+COUNTIF($D52:$AH52,"EA")+COUNTIF($D52:$AH52,"OR")+COUNTIF($D52:$AH52,"WO")+COUNTIF($D52:$AH52,"H")) | AK52: =IF($A52="","",COUNTIF($D52:$AH52,"UA")) | AL52: =IF($A52="","",COUNTIF($D52:$AH52,"SA")) | AM52: =IF($A52="","",COUNTIF($D52:$AH52,"EA")) | AN52: =IF($A52="","",COUNTIF($D52:$AH52,"OR")) | AO52: =IF($A52="","",COUNTIF($D52:$AH52,"WO")) | AP52: =IF($A52="","",COUNTIF($D52:$AH52,"H")) | AS52: =IF(OR($A52="",$I$2=0),"",AI52/$I$2) | AT52: =IF(OR($A52="",$I$2=0),"",(AI52+AJ52)/$I$2) | AU52: =IF($A52="","",IF(OR($AK52>=2,AND($AK52>0,$AQ52=""),AND($AK52>0,$AR52="")),"CRITICAL",IF(OR($AK52=1,AND(($AJ52)>0,$AQ52=""),AND(($AJ52)>0,$AR52=""),$AT52<0.95),"REVIEW","OK")))
A53: =IF('Employee Master'!A53="","",'Employee Master'!A53) | B53: =IF($A53="","",'Employee Master'!B53) | C53: =IF($A53="","",'Employee Master'!C53) | D53: P | E53: P | F53: P | G53: P | H53: P | I53: P | J53: P | K53: P | L53: P | M53: P | N53: P | O53: P | P53: P | Q53: P | R53: P | S53: P | T53: P | U53: P | V53: P | W53: P | X53: P | Y53: P | Z53: P | AA53: P | AB53: P | AC53: P | AD53: P | AE53: P | AF53: P | AG53: P | AH53: P | AI53: =IF($A53="","",COUNTIF($D53:$AH53,"P")) | AJ53: =IF($A53="","",COUNTIF($D53:$AH53,"AA")+COUNTIF($D53:$AH53,"SA")+COUNTIF($D53:$AH53,"EA")+COUNTIF($D53:$AH53,"OR")+COUNTIF($D53:$AH53,"WO")+COUNTIF($D53:$AH53,"H")) | AK53: =IF($A53="","",COUNTIF($D53:$AH53,"UA")) | AL53: =IF($A53="","",COUNTIF($D53:$AH53,"SA")) | AM53: =IF($A53="","",COUNTIF($D53:$AH53,"EA")) | AN53: =IF($A53="","",COUNTIF($D53:$AH53,"OR")) | AO53: =IF($A53="","",COUNTIF($D53:$AH53,"WO")) | AP53: =IF($A53="","",COUNTIF($D53:$AH53,"H")) | AS53: =IF(OR($A53="",$I$2=0),"",AI53/$I$2) | AT53: =IF(OR($A53="",$I$2=0),"",(AI53+AJ53)/$I$2) | AU53: =IF($A53="","",IF(OR($AK53>=2,AND($AK53>0,$AQ53=""),AND($AK53>0,$AR53="")),"CRITICAL",IF(OR($AK53=1,AND(($AJ53)>0,$AQ53=""),AND(($AJ53)>0,$AR53=""),$AT53<0.95),"REVIEW","OK")))
A54: =IF('Employee Master'!A54="","",'Employee Master'!A54) | B54: =IF($A54="","",'Employee Master'!B54) | C54: =IF($A54="","",'Employee Master'!C54) | D54: P | E54: P | F54: P | G54: P | H54: P | I54: P | J54: P | K54: P | L54: P | M54: P | N54: P | O54: P | P54: P | Q54: P | R54: P | S54: P | T54: P | U54: P | V54: P | W54: P | X54: P | Y54: P | Z54: P | AA54: P | AB54: P | AC54: P | AD54: P | AE54: P | AF54: P | AG54: P | AH54: P | AI54: =IF($A54="","",COUNTIF($D54:$AH54,"P")) | AJ54: =IF($A54="","",COUNTIF($D54:$AH54,"AA")+COUNTIF($D54:$AH54,"SA")+COUNTIF($D54:$AH54,"EA")+COUNTIF($D54:$AH54,"OR")+COUNTIF($D54:$AH54,"WO")+COUNTIF($D54:$AH54,"H")) | AK54: =IF($A54="","",COUNTIF($D54:$AH54,"UA")) | AL54: =IF($A54="","",COUNTIF($D54:$AH54,"SA")) | AM54: =IF($A54="","",COUNTIF($D54:$AH54,"EA")) | AN54: =IF($A54="","",COUNTIF($D54:$AH54,"OR")) | AO54: =IF($A54="","",COUNTIF($D54:$AH54,"WO")) | AP54: =IF($A54="","",COUNTIF($D54:$AH54,"H")) | AS54: =IF(OR($A54="",$I$2=0),"",AI54/$I$2) | AT54: =IF(OR($A54="",$I$2=0),"",(AI54+AJ54)/$I$2) | AU54: =IF($A54="","",IF(OR($AK54>=2,AND($AK54>0,$AQ54=""),AND($AK54>0,$AR54="")),"CRITICAL",IF(OR($AK54=1,AND(($AJ54)>0,$AQ54=""),AND(($AJ54)>0,$AR54=""),$AT54<0.95),"REVIEW","OK")))
A55: =IF('Employee Master'!A55="","",'Employee Master'!A55) | B55: =IF($A55="","",'Employee Master'!B55) | C55: =IF($A55="","",'Employee Master'!C55) | D55: P | E55: P | F55: P | G55: P | H55: P | I55: P | J55: P | K55: P | L55: P | M55: P | N55: P | O55: P | P55: P | Q55: P | R55: P | S55: P | T55: P | U55: P | V55: P | W55: P | X55: P | Y55: P | Z55: P | AA55: P | AB55: P | AC55: P | AD55: P | AE55: P | AF55: P | AG55: P | AH55: P | AI55: =IF($A55="","",COUNTIF($D55:$AH55,"P")) | AJ55: =IF($A55="","",COUNTIF($D55:$AH55,"AA")+COUNTIF($D55:$AH55,"SA")+COUNTIF($D55:$AH55,"EA")+COUNTIF($D55:$AH55,"OR")+COUNTIF($D55:$AH55,"WO")+COUNTIF($D55:$AH55,"H")) | AK55: =IF($A55="","",COUNTIF($D55:$AH55,"UA")) | AL55: =IF($A55="","",COUNTIF($D55:$AH55,"SA")) | AM55: =IF($A55="","",COUNTIF($D55:$AH55,"EA")) | AN55: =IF($A55="","",COUNTIF($D55:$AH55,"OR")) | AO55: =IF($A55="","",COUNTIF($D55:$AH55,"WO")) | AP55: =IF($A55="","",COUNTIF($D55:$AH55,"H")) | AS55: =IF(OR($A55="",$I$2=0),"",AI55/$I$2) | AT55: =IF(OR($A55="",$I$2=0),"",(AI55+AJ55)/$I$2) | AU55: =IF($A55="","",IF(OR($AK55>=2,AND($AK55>0,$AQ55=""),AND($AK55>0,$AR55="")),"CRITICAL",IF(OR($AK55=1,AND(($AJ55)>0,$AQ55=""),AND(($AJ55)>0,$AR55=""),$AT55<0.95),"REVIEW","OK")))
A56: =IF('Employee Master'!A56="","",'Employee Master'!A56) | B56: =IF($A56="","",'Employee Master'!B56) | C56: =IF($A56="","",'Employee Master'!C56) | D56: P | E56: P | F56: P | G56: P | H56: P | I56: P | J56: P | K56: P | L56: P | M56: P | N56: UA | O56: P | P56: P | Q56: P | R56: P | S56: UA | T56: UA | U56: UA | V56: UA | W56: UA | X56: UA | Y56: UA | Z56: UA | AA56: UA | AB56: P | AC56: P | AD56: P | AE56: P | AF56: P | AG56: P | AH56: P | AI56: =IF($A56="","",COUNTIF($D56:$AH56,"P")) | AJ56: =IF($A56="","",COUNTIF($D56:$AH56,"AA")+COUNTIF($D56:$AH56,"SA")+COUNTIF($D56:$AH56,"EA")+COUNTIF($D56:$AH56,"OR")+COUNTIF($D56:$AH56,"WO")+COUNTIF($D56:$AH56,"H")) | AK56: =IF($A56="","",COUNTIF($D56:$AH56,"UA")) | AL56: =IF($A56="","",COUNTIF($D56:$AH56,"SA")) | AM56: =IF($A56="","",COUNTIF($D56:$AH56,"EA")) | AN56: =IF($A56="","",COUNTIF($D56:$AH56,"OR")) | AO56: =IF($A56="","",COUNTIF($D56:$AH56,"WO")) | AP56: =IF($A56="","",COUNTIF($D56:$AH56,"H")) | AS56: =IF(OR($A56="",$I$2=0),"",AI56/$I$2) | AT56: =IF(OR($A56="",$I$2=0),"",(AI56+AJ56)/$I$2) | AU56: =IF($A56="","",IF(OR($AK56>=2,AND($AK56>0,$AQ56=""),AND($AK56>0,$AR56="")),"CRITICAL",IF(OR($AK56=1,AND(($AJ56)>0,$AQ56=""),AND(($AJ56)>0,$AR56=""),$AT56<0.95),"REVIEW","OK")))
A57: =IF('Employee Master'!A57="","",'Employee Master'!A57) | B57: =IF($A57="","",'Employee Master'!B57) | C57: =IF($A57="","",'Employee Master'!C57) | D57: P | E57: P | F57: P | G57: P | H57: P | I57: P | J57: P | K57: P | L57: P | M57: P | N57: P | O57: P | P57: P | Q57: P | R57: P | S57: P | T57: P | U57: P | V57: P | W57: P | X57: P | Y57: P | Z57: P | AA57: P | AB57: P | AC57: P | AD57: P | AE57: P | AF57: P | AG57: P | AH57: P | AI57: =IF($A57="","",COUNTIF($D57:$AH57,"P")) | AJ57: =IF($A57="","",COUNTIF($D57:$AH57,"AA")+COUNTIF($D57:$AH57,"SA")+COUNTIF($D57:$AH57,"EA")+COUNTIF($D57:$AH57,"OR")+COUNTIF($D57:$AH57,"WO")+COUNTIF($D57:$AH57,"H")) | AK57: =IF($A57="","",COUNTIF($D57:$AH57,"UA")) | AL57: =IF($A57="","",COUNTIF($D57:$AH57,"SA")) | AM57: =IF($A57="","",COUNTIF($D57:$AH57,"EA")) | AN57: =IF($A57="","",COUNTIF($D57:$AH57,"OR")) | AO57: =IF($A57="","",COUNTIF($D57:$AH57,"WO")) | AP57: =IF($A57="","",COUNTIF($D57:$AH57,"H")) | AS57: =IF(OR($A57="",$I$2=0),"",AI57/$I$2) | AT57: =IF(OR($A57="",$I$2=0),"",(AI57+AJ57)/$I$2) | AU57: =IF($A57="","",IF(OR($AK57>=2,AND($AK57>0,$AQ57=""),AND($AK57>0,$AR57="")),"CRITICAL",IF(OR($AK57=1,AND(($AJ57)>0,$AQ57=""),AND(($AJ57)>0,$AR57=""),$AT57<0.95),"REVIEW","OK")))
A58: =IF('Employee Master'!A58="","",'Employee Master'!A58) | B58: =IF($A58="","",'Employee Master'!B58) | C58: =IF($A58="","",'Employee Master'!C58) | D58: P | E58: P | F58: P | G58: P | H58: P | I58: P | J58: P | K58: P | L58: P | M58: P | N58: P | O58: P | P58: P | Q58: P | R58: P | S58: P | T58: P | U58: P | V58: P | W58: P | X58: P | Y58: P | Z58: UA | AA58: UA | AB58: UA | AC58: UA | AD58: UA | AE58: UA | AF58: UA | AG58: UA | AH58: UA | AI58: =IF($A58="","",COUNTIF($D58:$AH58,"P")) | AJ58: =IF($A58="","",COUNTIF($D58:$AH58,"AA")+COUNTIF($D58:$AH58,"SA")+COUNTIF($D58:$AH58,"EA")+COUNTIF($D58:$AH58,"OR")+COUNTIF($D58:$AH58,"WO")+COUNTIF($D58:$AH58,"H")) | AK58: =IF($A58="","",COUNTIF($D58:$AH58,"UA")) | AL58: =IF($A58="","",COUNTIF($D58:$AH58,"SA")) | AM58: =IF($A58="","",COUNTIF($D58:$AH58,"EA")) | AN58: =IF($A58="","",COUNTIF($D58:$AH58,"OR")) | AO58: =IF($A58="","",COUNTIF($D58:$AH58,"WO")) | AP58: =IF($A58="","",COUNTIF($D58:$AH58,"H")) | AS58: =IF(OR($A58="",$I$2=0),"",AI58/$I$2) | AT58: =IF(OR($A58="",$I$2=0),"",(AI58+AJ58)/$I$2) | AU58: =IF($A58="","",IF(OR($AK58>=2,AND($AK58>0,$AQ58=""),AND($AK58>0,$AR58="")),"CRITICAL",IF(OR($AK58=1,AND(($AJ58)>0,$AQ58=""),AND(($AJ58)>0,$AR58=""),$AT58<0.95),"REVIEW","OK")))
A59: =IF('Employee Master'!A59="","",'Employee Master'!A59) | B59: =IF($A59="","",'Employee Master'!B59) | C59: =IF($A59="","",'Employee Master'!C59) | D59: P | E59: UA | F59: UA | G59: UA | H59: UA | I59: UA | J59: UA | K59: UA | L59: UA | M59: P | N59: P | O59: P | P59: P | Q59: P | R59: P | S59: P | T59: P | U59: P | V59: P | W59: P | X59: P | Y59: P | Z59: P | AA59: P | AB59: P | AC59: P | AD59: P | AE59: P | AF59: P | AG59: P | AH59: UA | AI59: =IF($A59="","",COUNTIF($D59:$AH59,"P")) | AJ59: =IF($A59="","",COUNTIF($D59:$AH59,"AA")+COUNTIF($D59:$AH59,"SA")+COUNTIF($D59:$AH59,"EA")+COUNTIF($D59:$AH59,"OR")+COUNTIF($D59:$AH59,"WO")+COUNTIF($D59:$AH59,"H")) | AK59: =IF($A59="","",COUNTIF($D59:$AH59,"UA")) | AL59: =IF($A59="","",COUNTIF($D59:$AH59,"SA")) | AM59: =IF($A59="","",COUNTIF($D59:$AH59,"EA")) | AN59: =IF($A59="","",COUNTIF($D59:$AH59,"OR")) | AO59: =IF($A59="","",COUNTIF($D59:$AH59,"WO")) | AP59: =IF($A59="","",COUNTIF($D59:$AH59,"H")) | AS59: =IF(OR($A59="",$I$2=0),"",AI59/$I$2) | AT59: =IF(OR($A59="",$I$2=0),"",(AI59+AJ59)/$I$2) | AU59: =IF($A59="","",IF(OR($AK59>=2,AND($AK59>0,$AQ59=""),AND($AK59>0,$AR59="")),"CRITICAL",IF(OR($AK59=1,AND(($AJ59)>0,$AQ59=""),AND(($AJ59)>0,$AR59=""),$AT59<0.95),"REVIEW","OK")))
... A70: =IF('Employee Master'!A70="","",'Employee Master'!A70) | B70: =IF($A70="","",'Employee Master'!B70) | C70: =IF($A70="","",'Employee Master'!C70) | D70: P | E70: P | F70: P | G70: P | H70: P | I70: P | J70: P | K70: P | L70: P | M70: P | N70: UA | O70: P | P70: P | Q70: P | R70: P | S70: UA | T70: UA | U70: UA | V70: UA | W70: UA | X70: UA | Y70: UA | Z70: UA | AA70: UA | AB70: UA | AC70: UA | AD70: UA | AE70: UA | AF70: UA | AG70: UA | AH70: P | AI70: =IF($A70="","",COUNTIF($D70:$AH70,"P")) | AJ70: =IF($A70="","",COUNTIF($D70:$AH70,"AA")+COUNTIF($D70:$AH70,"SA")+COUNTIF($D70:$AH70,"EA")+COUNTIF($D70:$AH70,"OR")+COUNTIF($D70:$AH70,"WO")+COUNTIF($D70:$AH70,"H")) | AK70: =IF($A70="","",COUNTIF($D70:$AH70,"UA")) | AL70: =IF($A70="","",COUNTIF($D70:$AH70,"SA")) | AM70: =IF($A70="","",COUNTIF($D70:$AH70,"EA")) | AN70: =IF($A70="","",COUNTIF($D70:$AH70,"OR")) | AO70: =IF($A70="","",COUNTIF($D70:$AH70,"WO")) | AP70: =IF($A70="","",COUNTIF($D70:$AH70,"H")) | AS70: =IF(OR($A70="",$I$2=0),"",AI70/$I$2) | AT70: =IF(OR($A70="",$I$2=0),"",(AI70+AJ70)/$I$2) | AU70: =IF($A70="","",IF(OR($AK70>=2,AND($AK70>0,$AQ70=""),AND($AK70>0,$AR70="")),"CRITICAL",IF(OR($AK70=1,AND(($AJ70)>0,$AQ70=""),AND(($AJ70)>0,$AR70=""),$AT70<0.95),"REVIEW","OK")))
A71: =IF('Employee Master'!A71="","",'Employee Master'!A71) | B71: =IF($A71="","",'Employee Master'!B71) | C71: =IF($A71="","",'Employee Master'!C71) | D71: P | E71: P | F71: P | G71: P | H71: P | I71: P | J71: P | K71: P | L71: P | M71: P | N71: P | O71: P | P71: P | Q71: P | R71: P | S71: P | T71: P | U71: P | V71: P | W71: P | X71: P | Y71: P | Z71: P | AA71: UA | AB71: UA | AC71: UA | AD71: UA | AE71: UA | AF71: UA | AG71: UA | AH71: UA | AI71: =IF($A71="","",COUNTIF($D71:$AH71,"P")) | AJ71: =IF($A71="","",COUNTIF($D71:$AH71,"AA")+COUNTIF($D71:$AH71,"SA")+COUNTIF($D71:$AH71,"EA")+COUNTIF($D71:$AH71,"OR")+COUNTIF($D71:$AH71,"WO")+COUNTIF($D71:$AH71,"H")) | AK71: =IF($A71="","",COUNTIF($D71:$AH71,"UA")) | AL71: =IF($A71="","",COUNTIF($D71:$AH71,"SA")) | AM71: =IF($A71="","",COUNTIF($D71:$AH71,"EA")) | AN71: =IF($A71="","",COUNTIF($D71:$AH71,"OR")) | AO71: =IF($A71="","",COUNTIF($D71:$AH71,"WO")) | AP71: =IF($A71="","",COUNTIF($D71:$AH71,"H")) | AR71: Working 2 days/week — update P days manually | AS71: =IF(OR($A71="",$I$2=0),"",AI71/$I$2) | AT71: =IF(OR($A71="",$I$2=0),"",(AI71+AJ71)/$I$2) | AU71: =IF($A71="","",IF(OR($AK71>=2,AND($AK71>0,$AQ71=""),AND($AK71>0,$AR71="")),"CRITICAL",IF(OR($AK71=1,AND(($AJ71)>0,$AQ71=""),AND(($AJ71)>0,$AR71=""),$AT71<0.95),"REVIEW","OK")))
A72: =IF('Employee Master'!A72="","",'Employee Master'!A72) | B72: =IF($A72="","",'Employee Master'!B72) | C72: =IF($A72="","",'Employee Master'!C72) | AI72: =IF($A72="","",COUNTIF($D72:$AH72,"P")) | AJ72: =IF($A72="","",COUNTIF($D72:$AH72,"AA")+COUNTIF($D72:$AH72,"SA")+COUNTIF($D72:$AH72,"EA")+COUNTIF($D72:$AH72,"OR")+COUNTIF($D72:$AH72,"WO")+COUNTIF($D72:$AH72,"H")) | AK72: =IF($A72="","",COUNTIF($D72:$AH72,"UA")) | AL72: =IF($A72="","",COUNTIF($D72:$AH72,"SA")) | AM72: =IF($A72="","",COUNTIF($D72:$AH72,"EA")) | AN72: =IF($A72="","",COUNTIF($D72:$AH72,"OR")) | AO72: =IF($A72="","",COUNTIF($D72:$AH72,"WO")) | AP72: =IF($A72="","",COUNTIF($D72:$AH72,"H")) | AS72: =IF(OR($A72="",$I$2=0),"",AI72/$I$2) | AT72: =IF(OR($A72="",$I$2=0),"",(AI72+AJ72)/$I$2) | AU72: =IF($A72="","",IF(OR($AK72>=2,AND($AK72>0,$AQ72=""),AND($AK72>0,$AR72="")),"CRITICAL",IF(OR($AK72=1,AND(($AJ72)>0,$AQ72=""),AND(($AJ72)>0,$AR72=""),$AT72<0.95),"REVIEW","OK")))
A73: =IF('Employee Master'!A73="","",'Employee Master'!A73) | B73: =IF($A73="","",'Employee Master'!B73) | C73: =IF($A73="","",'Employee Master'!C73) | AI73: =IF($A73="","",COUNTIF($D73:$AH73,"P")) | AJ73: =IF($A73="","",COUNTIF($D73:$AH73,"AA")+COUNTIF($D73:$AH73,"SA")+COUNTIF($D73:$AH73,"EA")+COUNTIF($D73:$AH73,"OR")+COUNTIF($D73:$AH73,"WO")+COUNTIF($D73:$AH73,"H")) | AK73: =IF($A73="","",COUNTIF($D73:$AH73,"UA")) | AL73: =IF($A73="","",COUNTIF($D73:$AH73,"SA")) | AM73: =IF($A73="","",COUNTIF($D73:$AH73,"EA")) | AN73: =IF($A73="","",COUNTIF($D73:$AH73,"OR")) | AO73: =IF($A73="","",COUNTIF($D73:$AH73,"WO")) | AP73: =IF($A73="","",COUNTIF($D73:$AH73,"H")) | AS73: =IF(OR($A73="",$I$2=0),"",AI73/$I$2) | AT73: =IF(OR($A73="",$I$2=0),"",(AI73+AJ73)/$I$2) | AU73: =IF($A73="","",IF(OR($AK73>=2,AND($AK73>0,$AQ73=""),AND($AK73>0,$AR73="")),"CRITICAL",IF(OR($AK73=1,AND(($AJ73)>0,$AQ73=""),AND(($AJ73)>0,$AR73=""),$AT73<0.95),"REVIEW","OK")))
A74: =IF('Employee Master'!A74="","",'Employee Master'!A74) | B74: =IF($A74="","",'Employee Master'!B74) | C74: =IF($A74="","",'Employee Master'!C74) | AI74: =IF($A74="","",COUNTIF($D74:$AH74,"P")) | AJ74: =IF($A74="","",COUNTIF($D74:$AH74,"AA")+COUNTIF($D74:$AH74,"SA")+COUNTIF($D74:$AH74,"EA")+COUNTIF($D74:$AH74,"OR")+COUNTIF($D74:$AH74,"WO")+COUNTIF($D74:$AH74,"H")) | AK74: =IF($A74="","",COUNTIF($D74:$AH74,"UA")) | AL74: =IF($A74="","",COUNTIF($D74:$AH74,"SA")) | AM74: =IF($A74="","",COUNTIF($D74:$AH74,"EA")) | AN74: =IF($A74="","",COUNTIF($D74:$AH74,"OR")) | AO74: =IF($A74="","",COUNTIF($D74:$AH74,"WO")) | AP74: =IF($A74="","",COUNTIF($D74:$AH74,"H")) | AS74: =IF(OR($A74="",$I$2=0),"",AI74/$I$2) | AT74: =IF(OR($A74="",$I$2=0),"",(AI74+AJ74)/$I$2) | AU74: =IF($A74="","",IF(OR($AK74>=2,AND($AK74>0,$AQ74=""),AND($AK74>0,$AR74="")),"CRITICAL",IF(OR($AK74=1,AND(($AJ74)>0,$AQ74=""),AND(($AJ74)>0,$AR74=""),$AT74<0.95),"REVIEW","OK")))
A75: =IF('Employee Master'!A75="","",'Employee Master'!A75) | B75: =IF($A75="","",'Employee Master'!B75) | C75: =IF($A75="","",'Employee Master'!C75) | AI75: =IF($A75="","",COUNTIF($D75:$AH75,"P")) | AJ75: =IF($A75="","",COUNTIF($D75:$AH75,"AA")+COUNTIF($D75:$AH75,"SA")+COUNTIF($D75:$AH75,"EA")+COUNTIF($D75:$AH75,"OR")+COUNTIF($D75:$AH75,"WO")+COUNTIF($D75:$AH75,"H")) | AK75: =IF($A75="","",COUNTIF($D75:$AH75,"UA")) | AL75: =IF($A75="","",COUNTIF($D75:$AH75,"SA")) | AM75: =IF($A75="","",COUNTIF($D75:$AH75,"EA")) | AN75: =IF($A75="","",COUNTIF($D75:$AH75,"OR")) | AO75: =IF($A75="","",COUNTIF($D75:$AH75,"WO")) | AP75: =IF($A75="","",COUNTIF($D75:$AH75,"H")) | AS75: =IF(OR($A75="",$I$2=0),"",AI75/$I$2) | AT75: =IF(OR($A75="",$I$2=0),"",(AI75+AJ75)/$I$2) | AU75: =IF($A75="","",IF(OR($AK75>=2,AND($AK75>0,$AQ75=""),AND($AK75>0,$AR75="")),"CRITICAL",IF(OR($AK75=1,AND(($AJ75)>0,$AQ75=""),AND(($AJ75)>0,$AR75=""),$AT75<0.95),"REVIEW","OK")))
A76: =IF('Employee Master'!A76="","",'Employee Master'!A76) | B76: =IF($A76="","",'Employee Master'!B76) | C76: =IF($A76="","",'Employee Master'!C76) | AI76: =IF($A76="","",COUNTIF($D76:$AH76,"P")) | AJ76: =IF($A76="","",COUNTIF($D76:$AH76,"AA")+COUNTIF($D76:$AH76,"SA")+COUNTIF($D76:$AH76,"EA")+COUNTIF($D76:$AH76,"OR")+COUNTIF($D76:$AH76,"WO")+COUNTIF($D76:$AH76,"H")) | AK76: =IF($A76="","",COUNTIF($D76:$AH76,"UA")) | AL76: =IF($A76="","",COUNTIF($D76:$AH76,"SA")) | AM76: =IF($A76="","",COUNTIF($D76:$AH76,"EA")) | AN76: =IF($A76="","",COUNTIF($D76:$AH76,"OR")) | AO76: =IF($A76="","",COUNTIF($D76:$AH76,"WO")) | AP76: =IF($A76="","",COUNTIF($D76:$AH76,"H")) | AS76: =IF(OR($A76="",$I$2=0),"",AI76/$I$2) | AT76: =IF(OR($A76="",$I$2=0),"",(AI76+AJ76)/$I$2) | AU76: =IF($A76="","",IF(OR($AK76>=2,AND($AK76>0,$AQ76=""),AND($AK76>0,$AR76="")),"CRITICAL",IF(OR($AK76=1,AND(($AJ76)>0,$AQ76=""),AND(($AJ76)>0,$AR76=""),$AT76<0.95),"REVIEW","OK")))
A77: =IF('Employee Master'!A77="","",'Employee Master'!A77) | B77: =IF($A77="","",'Employee Master'!B77) | C77: =IF($A77="","",'Employee Master'!C77) | AI77: =IF($A77="","",COUNTIF($D77:$AH77,"P")) | AJ77: =IF($A77="","",COUNTIF($D77:$AH77,"AA")+COUNTIF($D77:$AH77,"SA")+COUNTIF($D77:$AH77,"EA")+COUNTIF($D77:$AH77,"OR")+COUNTIF($D77:$AH77,"WO")+COUNTIF($D77:$AH77,"H")) | AK77: =IF($A77="","",COUNTIF($D77:$AH77,"UA")) | AL77: =IF($A77="","",COUNTIF($D77:$AH77,"SA")) | AM77: =IF($A77="","",COUNTIF($D77:$AH77,"EA")) | AN77: =IF($A77="","",COUNTIF($D77:$AH77,"OR")) | AO77: =IF($A77="","",COUNTIF($D77:$AH77,"WO")) | AP77: =IF($A77="","",COUNTIF($D77:$AH77,"H")) | AS77: =IF(OR($A77="",$I$2=0),"",AI77/$I$2) | AT77: =IF(OR($A77="",$I$2=0),"",(AI77+AJ77)/$I$2) | AU77: =IF($A77="","",IF(OR($AK77>=2,AND($AK77>0,$AQ77=""),AND($AK77>0,$AR77="")),"CRITICAL",IF(OR($AK77=1,AND(($AJ77)>0,$AQ77=""),AND(($AJ77)>0,$AR77=""),$AT77<0.95),"REVIEW","OK")))
A78: =IF('Employee Master'!A78="","",'Employee Master'!A78) | B78: =IF($A78="","",'Employee Master'!B78) | C78: =IF($A78="","",'Employee Master'!C78) | AI78: =IF($A78="","",COUNTIF($D78:$AH78,"P")) | AJ78: =IF($A78="","",COUNTIF($D78:$AH78,"AA")+COUNTIF($D78:$AH78,"SA")+COUNTIF($D78:$AH78,"EA")+COUNTIF($D78:$AH78,"OR")+COUNTIF($D78:$AH78,"WO")+COUNTIF($D78:$AH78,"H")) | AK78: =IF($A78="","",COUNTIF($D78:$AH78,"UA")) | AL78: =IF($A78="","",COUNTIF($D78:$AH78,"SA")) | AM78: =IF($A78="","",COUNTIF($D78:$AH78,"EA")) | AN78: =IF($A78="","",COUNTIF($D78:$AH78,"OR")) | AO78: =IF($A78="","",COUNTIF($D78:$AH78,"WO")) | AP78: =IF($A78="","",COUNTIF($D78:$AH78,"H")) | AS78: =IF(OR($A78="",$I$2=0),"",AI78/$I$2) | AT78: =IF(OR($A78="",$I$2=0),"",(AI78+AJ78)/$I$2) | AU78: =IF($A78="","",IF(OR($AK78>=2,AND($AK78>0,$AQ78=""),AND($AK78>0,$AR78="")),"CRITICAL",IF(OR($AK78=1,AND(($AJ78)>0,$AQ78=""),AND(($AJ78)>0,$AR78=""),$AT78<0.95),"REVIEW","OK")))
A79: =IF('Employee Master'!A79="","",'Employee Master'!A79) | B79: =IF($A79="","",'Employee Master'!B79) | C79: =IF($A79="","",'Employee Master'!C79) | AI79: =IF($A79="","",COUNTIF($D79:$AH79,"P")) | AJ79: =IF($A79="","",COUNTIF($D79:$AH79,"AA")+COUNTIF($D79:$AH79,"SA")+COUNTIF($D79:$AH79,"EA")+COUNTIF($D79:$AH79,"OR")+COUNTIF($D79:$AH79,"WO")+COUNTIF($D79:$AH79,"H")) | AK79: =IF($A79="","",COUNTIF($D79:$AH79,"UA")) | AL79: =IF($A79="","",COUNTIF($D79:$AH79,"SA")) | AM79: =IF($A79="","",COUNTIF($D79:$AH79,"EA")) | AN79: =IF($A79="","",COUNTIF($D79:$AH79,"OR")) | AO79: =IF($A79="","",COUNTIF($D79:$AH79,"WO")) | AP79: =IF($A79="","",COUNTIF($D79:$AH79,"H")) | AS79: =IF(OR($A79="",$I$2=0),"",AI79/$I$2) | AT79: =IF(OR($A79="",$I$2=0),"",(AI79+AJ79)/$I$2) | AU79: =IF($A79="","",IF(OR($AK79>=2,AND($AK79>0,$AQ79=""),AND($AK79>0,$AR79="")),"CRITICAL",IF(OR($AK79=1,AND(($AJ79)>0,$AQ79=""),AND(($AJ79)>0,$AR79=""),$AT79<0.95),"REVIEW","OK")))
A80: =IF('Employee Master'!A80="","",'Employee Master'!A80) | B80: =IF($A80="","",'Employee Master'!B80) | C80: =IF($A80="","",'Employee Master'!C80) | AI80: =IF($A80="","",COUNTIF($D80:$AH80,"P")) | AJ80: =IF($A80="","",COUNTIF($D80:$AH80,"AA")+COUNTIF($D80:$AH80,"SA")+COUNTIF($D80:$AH80,"EA")+COUNTIF($D80:$AH80,"OR")+COUNTIF($D80:$AH80,"WO")+COUNTIF($D80:$AH80,"H")) | AK80: =IF($A80="","",COUNTIF($D80:$AH80,"UA")) | AL80: =IF($A80="","",COUNTIF($D80:$AH80,"SA")) | AM80: =IF($A80="","",COUNTIF($D80:$AH80,"EA")) | AN80: =IF($A80="","",COUNTIF($D80:$AH80,"OR")) | AO80: =IF($A80="","",COUNTIF($D80:$AH80,"WO")) | AP80: =IF($A80="","",COUNTIF($D80:$AH80,"H")) | AS80: =IF(OR($A80="",$I$2=0),"",AI80/$I$2) | AT80: =IF(OR($A80="",$I$2=0),"",(AI80+AJ80)/$I$2) | AU80: =IF($A80="","",IF(OR($AK80>=2,AND($AK80>0,$AQ80=""),AND($AK80>0,$AR80="")),"CRITICAL",IF(OR($AK80=1,AND(($AJ80)>0,$AQ80=""),AND(($AJ80)>0,$AR80=""),$AT80<0.95),"REVIEW","OK")))
A81: =IF('Employee Master'!A81="","",'Employee Master'!A81) | B81: =IF($A81="","",'Employee Master'!B81) | C81: =IF($A81="","",'Employee Master'!C81) | AI81: =IF($A81="","",COUNTIF($D81:$AH81,"P")) | AJ81: =IF($A81="","",COUNTIF($D81:$AH81,"AA")+COUNTIF($D81:$AH81,"SA")+COUNTIF($D81:$AH81,"EA")+COUNTIF($D81:$AH81,"OR")+COUNTIF($D81:$AH81,"WO")+COUNTIF($D81:$AH81,"H")) | AK81: =IF($A81="","",COUNTIF($D81:$AH81,"UA")) | AL81: =IF($A81="","",COUNTIF($D81:$AH81,"SA")) | AM81: =IF($A81="","",COUNTIF($D81:$AH81,"EA")) | AN81: =IF($A81="","",COUNTIF($D81:$AH81,"OR")) | AO81: =IF($A81="","",COUNTIF($D81:$AH81,"WO")) | AP81: =IF($A81="","",COUNTIF($D81:$AH81,"H")) | AS81: =IF(OR($A81="",$I$2=0),"",AI81/$I$2) | AT81: =IF(OR($A81="",$I$2=0),"",(AI81+AJ81)/$I$2) | AU81: =IF($A81="","",IF(OR($AK81>=2,AND($AK81>0,$AQ81=""),AND($AK81>0,$AR81="")),"CRITICAL",IF(OR($AK81=1,AND(($AJ81)>0,$AQ81=""),AND(($AJ81)>0,$AR81=""),$AT81<0.95),"REVIEW","OK")))
A82: =IF('Employee Master'!A82="","",'Employee Master'!A82) | B82: =IF($A82="","",'Employee Master'!B82) | C82: =IF($A82="","",'Employee Master'!C82) | AI82: =IF($A82="","",COUNTIF($D82:$AH82,"P")) | AJ82: =IF($A82="","",COUNTIF($D82:$AH82,"AA")+COUNTIF($D82:$AH82,"SA")+COUNTIF($D82:$AH82,"EA")+COUNTIF($D82:$AH82,"OR")+COUNTIF($D82:$AH82,"WO")+COUNTIF($D82:$AH82,"H")) | AK82: =IF($A82="","",COUNTIF($D82:$AH82,"UA")) | AL82: =IF($A82="","",COUNTIF($D82:$AH82,"SA")) | AM82: =IF($A82="","",COUNTIF($D82:$AH82,"EA")) | AN82: =IF($A82="","",COUNTIF($D82:$AH82,"OR")) | AO82: =IF($A82="","",COUNTIF($D82:$AH82,"WO")) | AP82: =IF($A82="","",COUNTIF($D82:$AH82,"H")) | AS82: =IF(OR($A82="",$I$2=0),"",AI82/$I$2) | AT82: =IF(OR($A82="",$I$2=0),"",(AI82+AJ82)/$I$2) | AU82: =IF($A82="","",IF(OR($AK82>=2,AND($AK82>0,$AQ82=""),AND($AK82>0,$AR82="")),"CRITICAL",IF(OR($AK82=1,AND(($AJ82)>0,$AQ82=""),AND(($AJ82)>0,$AR82=""),$AT82<0.95),"REVIEW","OK")))
A83: =IF('Employee Master'!A83="","",'Employee Master'!A83) | B83: =IF($A83="","",'Employee Master'!B83) | C83: =IF($A83="","",'Employee Master'!C83) | AI83: =IF($A83="","",COUNTIF($D83:$AH83,"P")) | AJ83: =IF($A83="","",COUNTIF($D83:$AH83,"AA")+COUNTIF($D83:$AH83,"SA")+COUNTIF($D83:$AH83,"EA")+COUNTIF($D83:$AH83,"OR")+COUNTIF($D83:$AH83,"WO")+COUNTIF($D83:$AH83,"H")) | AK83: =IF($A83="","",COUNTIF($D83:$AH83,"UA")) | AL83: =IF($A83="","",COUNTIF($D83:$AH83,"SA")) | AM83: =IF($A83="","",COUNTIF($D83:$AH83,"EA")) | AN83: =IF($A83="","",COUNTIF($D83:$AH83,"OR")) | AO83: =IF($A83="","",COUNTIF($D83:$AH83,"WO")) | AP83: =IF($A83="","",COUNTIF($D83:$AH83,"H")) | AS83: =IF(OR($A83="",$I$2=0),"",AI83/$I$2) | AT83: =IF(OR($A83="",$I$2=0),"",(AI83+AJ83)/$I$2) | AU83: =IF($A83="","",IF(OR($AK83>=2,AND($AK83>0,$AQ83=""),AND($AK83>0,$AR83="")),"CRITICAL",IF(OR($AK83=1,AND(($AJ83)>0,$AQ83=""),AND(($AJ83)>0,$AR83=""),$AT83<0.95),"REVIEW","OK")))
... A107: =IF('Employee Master'!A107="","",'Employee Master'!A107) | B107: =IF($A107="","",'Employee Master'!B107) | C107: =IF($A107="","",'Employee Master'!C107) | AI107: =IF($A107="","",COUNTIF($D107:$AH107,"P")) | AJ107: =IF($A107="","",COUNTIF($D107:$AH107,"AA")+COUNTIF($D107:$AH107,"SA")+COUNTIF($D107:$AH107,"EA")+COUNTIF($D107:$AH107,"OR")+COUNTIF($D107:$AH107,"WO")+COUNTIF($D107:$AH107,"H")) | AK107: =IF($A107="","",COUNTIF($D107:$AH107,"UA")) | AL107: =IF($A107="","",COUNTIF($D107:$AH107,"SA")) | AM107: =IF($A107="","",COUNTIF($D107:$AH107,"EA")) | AN107: =IF($A107="","",COUNTIF($D107:$AH107,"OR")) | AO107: =IF($A107="","",COUNTIF($D107:$AH107,"WO")) | AP107: =IF($A107="","",COUNTIF($D107:$AH107,"H")) | AS107: =IF(OR($A107="",$I$2=0),"",AI107/$I$2) | AT107: =IF(OR($A107="",$I$2=0),"",(AI107+AJ107)/$I$2) | AU107: =IF($A107="","",IF(OR($AK107>=2,AND($AK107>0,$AQ107=""),AND($AK107>0,$AR107="")),"CRITICAL",IF(OR($AK107=1,AND(($AJ107)>0,$AQ107=""),AND(($AJ107)>0,$AR107=""),$AT107<0.95),"REVIEW","OK")))

Sheet Apr
A1: April Monthly Staff Attendance Master Register
A2: Month Start | B2: =DATE('Control Panel'!$B$3,4,1) | D2: Reporting Month | E2: =TEXT($B$2,"mmmm yyyy") | H2: Working Days | I2: =COUNTA($D$4:$AH$4) | K2: Active Employees | L2: =COUNTIFS('Employee Master'!A8:A107,"?*",'Employee Master'!D8:D107,"Active") | AW2: Status | AX2: Meaning
A3: Enter daily statuses using: P, AA, UA, SA, EA, OR, WO, H. All calendar days from the 1st to the last day of the month are treated as work days, including weekends and public holidays, unless an absence status is entered. | AW3: P | AX3: Present
D4: =IF(COLUMN()-3<=DAY(DATE(YEAR($B$2),MONTH($B$2)+1,0)),DATE(YEAR($B$2),MONTH($B$2),COLUMN()-3),"") | E4: =IF(COLUMN()-3<=DAY(DATE(YEAR($B$2),MONTH($B$2)+1,0)),DATE(YEAR($B$2),MONTH($B$2),COLUMN()-3),"") | F4: =IF(COLUMN()-3<=DAY(DATE(YEAR($B$2),MONTH($B$2)+1,0)),DATE(YEAR($B$2),MONTH($B$2),COLUMN()-3),"") | G4: =IF(COLUMN()-3<=DAY(DATE(YEAR($B$2),MONTH($B$2)+1,0)),DATE(YEAR($B$2),MONTH($B$2),COLUMN()-3),"") | H4: =IF(COLUMN()-3<=DAY(DATE(YEAR($B$2),MONTH($B$2)+1,0)),DATE(YEAR($B$2),MONTH($B$2),COLUMN()-3),"") | I4: =IF(COLUMN()-3<=DAY(DATE(YEAR($B$2),MONTH($B$2)+1,0)),DATE(YEAR($B$2),MONTH($B$2),COLUMN()-3),"") | J4: =IF(COLUMN()-3<=DAY(DATE(YEAR($B$2),MONTH($B$2)+1,0)),DATE(YEAR($B$2),MONTH($B$2),COLUMN()-3),"") | K4: =IF(COLUMN()-3<=DAY(DATE(YEAR($B$2),MONTH($B$2)+1,0)),DATE(YEAR($B$2),MONTH($B$2),COLUMN()-3),"") | ... AH4: =IF(COLUMN()-3<=DAY(DATE(YEAR($B$2),MONTH($B$2)+1,0)),DATE(YEAR($B$2),MONTH($B$2),COLUMN()-3),"") | AV4: AA | AW4: Authorised Attendance | AX4: Authorised Attendance
A5: Employee Details | D5: Daily Attendance Status | AI5: Monthly Summary & Forensic Review | AV5: UA | AW5: Unauthorised Attendance | AX5: Unauthorised Attendance
A6: Employee ID | B6: Employee Name | C6: Reported To | D6: =IF(D$4="","",DAY(D$4)) | E6: =IF(E$4="","",DAY(E$4)) | F6: =IF(F$4="","",DAY(F$4)) | G6: =IF(G$4="","",DAY(G$4)) | H6: =IF(H$4="","",DAY(H$4)) | I6: =IF(I$4="","",DAY(I$4)) | J6: =IF(J$4="","",DAY(J$4)) | K6: =IF(K$4="","",DAY(K$4)) | ... AH6: =IF(AH$4="","",DAY(AH$4)) | AI6: Present | AJ6: Authorised Absence | AK6: Unauthorised Absence | AL6: Sickness Absence | AM6: Emergency Absence | AN6: Other Reason | AO6: Weekend Off | AP6: Holiday | AQ6: Absence Reason | AR6: Remarks | AS6: Attendance % | AT6: Compliance % | AU6: Forensic Flag | AV6: SA | AW6: Sick Absence | AX6: Sick Absence
D7: =IF(D$4="","","WD") | E7: =IF(E$4="","","WD") | F7: =IF(F$4="","","WD") | G7: =IF(G$4="","","WD") | H7: =IF(H$4="","","WD") | I7: =IF(I$4="","","WD") | J7: =IF(J$4="","","WD") | K7: =IF(K$4="","","WD") | ... AH7: =IF(AH$4="","","WD") | AV7: EA | AW7: Emergency Absence | AX7: Emergency Absence
A8: =IF('Employee Master'!A8="","",'Employee Master'!A8) | B8: =IF($A8="","",'Employee Master'!B8) | C8: =IF($A8="","",'Employee Master'!C8) | D8: P | E8: P | F8: P | G8: P | H8: P | I8: P | J8: P | K8: P | L8: P | M8: P | N8: P | O8: P | P8: P | AI8: =IF($A8="","",COUNTIF($D8:$AH8,"P")) | AJ8: =IF($A8="","",COUNTIF($D8:$AH8,"AA")+COUNTIF($D8:$AH8,"SA")+COUNTIF($D8:$AH8,"EA")+COUNTIF($D8:$AH8,"OR")+COUNTIF($D8:$AH8,"WO")+COUNTIF($D8:$AH8,"H")) | AK8: =IF($A8="","",COUNTIF($D8:$AH8,"UA")) | AL8: =IF($A8="","",COUNTIF($D8:$AH8,"SA")) | AM8: =IF($A8="","",COUNTIF($D8:$AH8,"EA")) | AN8: =IF($A8="","",COUNTIF($D8:$AH8,"OR")) | AO8: =IF($A8="","",COUNTIF($D8:$AH8,"WO")) | AP8: =IF($A8="","",COUNTIF($D8:$AH8,"H")) | AS8: =IF(OR($A8="",$I$2=0),"",AI8/$I$2) | AT8: =IF(OR($A8="",$I$2=0),"",(AI8+AJ8)/$I$2) | AU8: =IF($A8="","",IF(OR($AK8>=2,AND($AK8>0,$AQ8=""),AND($AK8>0,$AR8="")),"CRITICAL",IF(OR($AK8=1,AND(($AJ8)>0,$AQ8=""),AND(($AJ8)>0,$AR8=""),$AT8<0.95),"REVIEW","OK"))) | AV8: OR | AW8: Other Reason | AX8: Other Reason
A9: =IF('Employee Master'!A9="","",'Employee Master'!A9) | B9: =IF($A9="","",'Employee Master'!B9) | C9: =IF($A9="","",'Employee Master'!C9) | D9: P | E9: P | F9: P | G9: P | H9: P | I9: P | J9: P | K9: P | L9: P | M9: P | N9: P | O9: P | P9: P | AI9: =IF($A9="","",COUNTIF($D9:$AH9,"P")) | AJ9: =IF($A9="","",COUNTIF($D9:$AH9,"AA")+COUNTIF($D9:$AH9,"SA")+COUNTIF($D9:$AH9,"EA")+COUNTIF($D9:$AH9,"OR")+COUNTIF($D9:$AH9,"WO")+COUNTIF($D9:$AH9,"H")) | AK9: =IF($A9="","",COUNTIF($D9:$AH9,"UA")) | AL9: =IF($A9="","",COUNTIF($D9:$AH9,"SA")) | AM9: =IF($A9="","",COUNTIF($D9:$AH9,"EA")) | AN9: =IF($A9="","",COUNTIF($D9:$AH9,"OR")) | AO9: =IF($A9="","",COUNTIF($D9:$AH9,"WO")) | AP9: =IF($A9="","",COUNTIF($D9:$AH9,"H")) | AS9: =IF(OR($A9="",$I$2=0),"",AI9/$I$2) | AT9: =IF(OR($A9="",$I$2=0),"",(AI9+AJ9)/$I$2) | AU9: =IF($A9="","",IF(OR($AK9>=2,AND($AK9>0,$AQ9=""),AND($AK9>0,$AR9="")),"CRITICAL",IF(OR($AK9=1,AND(($AJ9)>0,$AQ9=""),AND(($AJ9)>0,$AR9=""),$AT9<0.95),"REVIEW","OK"))) | AV9: WO | AW9: Weekend Off / Approved Rest Day | AX9: Weekend Off
A10: =IF('Employee Master'!A10="","",'Employee Master'!A10) | B10: =IF($A10="","",'Employee Master'!B10) | C10: =IF($A10="","",'Employee Master'!C10) | D10: P | E10: P | F10: P | G10: P | H10: P | I10: P | J10: P | K10: P | L10: P | M10: P | N10: P | O10: P | P10: P | AI10: =IF($A10="","",COUNTIF($D10:$AH10,"P")) | AJ10: =IF($A10="","",COUNTIF($D10:$AH10,"AA")+COUNTIF($D10:$AH10,"SA")+COUNTIF($D10:$AH10,"EA")+COUNTIF($D10:$AH10,"OR")+COUNTIF($D10:$AH10,"WO")+COUNTIF($D10:$AH10,"H")) | AK10: =IF($A10="","",COUNTIF($D10:$AH10,"UA")) | AL10: =IF($A10="","",COUNTIF($D10:$AH10,"SA")) | AM10: =IF($A10="","",COUNTIF($D10:$AH10,"EA")) | AN10: =IF($A10="","",COUNTIF($D10:$AH10,"OR")) | AO10: =IF($A10="","",COUNTIF($D10:$AH10,"WO")) | AP10: =IF($A10="","",COUNTIF($D10:$AH10,"H")) | AS10: =IF(OR($A10="",$I$2=0),"",AI10/$I$2) | AT10: =IF(OR($A10="",$I$2=0),"",(AI10+AJ10)/$I$2) | AU10: =IF($A10="","",IF(OR($AK10>=2,AND($AK10>0,$AQ10=""),AND($AK10>0,$AR10="")),"CRITICAL",IF(OR($AK10=1,AND(($AJ10)>0,$AQ10=""),AND(($AJ10)>0,$AR10=""),$AT10<0.95),"REVIEW","OK"))) | AV10: H | AW10: Holiday / Approved Leave | AX10: Holiday
A11: =IF('Employee Master'!A11="","",'Employee Master'!A11) | B11: =IF($A11="","",'Employee Master'!B11) | C11: =IF($A11="","",'Employee Master'!C11) | D11: P | E11: P | F11: P | G11: P | H11: P | I11: P | J11: P | K11: P | L11: P | M11: P | N11: P | O11: P | P11: P | AI11: =IF($A11="","",COUNTIF($D11:$AH11,"P")) | AJ11: =IF($A11="","",COUNTIF($D11:$AH11,"AA")+COUNTIF($D11:$AH11,"SA")+COUNTIF($D11:$AH11,"EA")+COUNTIF($D11:$AH11,"OR")+COUNTIF($D11:$AH11,"WO")+COUNTIF($D11:$AH11,"H")) | AK11: =IF($A11="","",COUNTIF($D11:$AH11,"UA")) | AL11: =IF($A11="","",COUNTIF($D11:$AH11,"SA")) | AM11: =IF($A11="","",COUNTIF($D11:$AH11,"EA")) | AN11: =IF($A11="","",COUNTIF($D11:$AH11,"OR")) | AO11: =IF($A11="","",COUNTIF($D11:$AH11,"WO")) | AP11: =IF($A11="","",COUNTIF($D11:$AH11,"H")) | AS11: =IF(OR($A11="",$I$2=0),"",AI11/$I$2) | AT11: =IF(OR($A11="",$I$2=0),"",(AI11+AJ11)/$I$2) | AU11: =IF($A11="","",IF(OR($AK11>=2,AND($AK11>0,$AQ11=""),AND($AK11>0,$AR11="")),"CRITICAL",IF(OR($AK11=1,AND(($AJ11)>0,$AQ11=""),AND(($AJ11)>0,$AR11=""),$AT11<0.95),"REVIEW","OK")))
A12: =IF('Employee Master'!A12="","",'Employee Master'!A12) | B12: =IF($A12="","",'Employee Master'!B12) | C12: =IF($A12="","",'Employee Master'!C12) | D12: P | E12: P | F12: P | G12: P | H12: P | I12: P | J12: P | K12: P | L12: P | M12: P | N12: P | O12: P | P12: P | AI12: =IF($A12="","",COUNTIF($D12:$AH12,"P")) | AJ12: =IF($A12="","",COUNTIF($D12:$AH12,"AA")+COUNTIF($D12:$AH12,"SA")+COUNTIF($D12:$AH12,"EA")+COUNTIF($D12:$AH12,"OR")+COUNTIF($D12:$AH12,"WO")+COUNTIF($D12:$AH12,"H")) | AK12: =IF($A12="","",COUNTIF($D12:$AH12,"UA")) | AL12: =IF($A12="","",COUNTIF($D12:$AH12,"SA")) | AM12: =IF($A12="","",COUNTIF($D12:$AH12,"EA")) | AN12: =IF($A12="","",COUNTIF($D12:$AH12,"OR")) | AO12: =IF($A12="","",COUNTIF($D12:$AH12,"WO")) | AP12: =IF($A12="","",COUNTIF($D12:$AH12,"H")) | AS12: =IF(OR($A12="",$I$2=0),"",AI12/$I$2) | AT12: =IF(OR($A12="",$I$2=0),"",(AI12+AJ12)/$I$2) | AU12: =IF($A12="","",IF(OR($AK12>=2,AND($AK12>0,$AQ12=""),AND($AK12>0,$AR12="")),"CRITICAL",IF(OR($AK12=1,AND(($AJ12)>0,$AQ12=""),AND(($AJ12)>0,$AR12=""),$AT12<0.95),"REVIEW","OK")))
A13: =IF('Employee Master'!A13="","",'Employee Master'!A13) | B13: =IF($A13="","",'Employee Master'!B13) | C13: =IF($A13="","",'Employee Master'!C13) | D13: P | E13: P | F13: P | G13: P | H13: P | I13: P | J13: P | K13: P | L13: P | M13: P | N13: P | O13: P | P13: P | AI13: =IF($A13="","",COUNTIF($D13:$AH13,"P")) | AJ13: =IF($A13="","",COUNTIF($D13:$AH13,"AA")+COUNTIF($D13:$AH13,"SA")+COUNTIF($D13:$AH13,"EA")+COUNTIF($D13:$AH13,"OR")+COUNTIF($D13:$AH13,"WO")+COUNTIF($D13:$AH13,"H")) | AK13: =IF($A13="","",COUNTIF($D13:$AH13,"UA")) | AL13: =IF($A13="","",COUNTIF($D13:$AH13,"SA")) | AM13: =IF($A13="","",COUNTIF($D13:$AH13,"EA")) | AN13: =IF($A13="","",COUNTIF($D13:$AH13,"OR")) | AO13: =IF($A13="","",COUNTIF($D13:$AH13,"WO")) | AP13: =IF($A13="","",COUNTIF($D13:$AH13,"H")) | AS13: =IF(OR($A13="",$I$2=0),"",AI13/$I$2) | AT13: =IF(OR($A13="",$I$2=0),"",(AI13+AJ13)/$I$2) | AU13: =IF($A13="","",IF(OR($AK13>=2,AND($AK13>0,$AQ13=""),AND($AK13>0,$AR13="")),"CRITICAL",IF(OR($AK13=1,AND(($AJ13)>0,$AQ13=""),AND(($AJ13)>0,$AR13=""),$AT13<0.95),"REVIEW","OK")))
A14: =IF('Employee Master'!A14="","",'Employee Master'!A14) | B14: =IF($A14="","",'Employee Master'!B14) | C14: =IF($A14="","",'Employee Master'!C14) | D14: P | E14: P | F14: P | G14: P | H14: P | I14: P | J14: P | K14: P | L14: P | M14: P | N14: P | O14: P | P14: P | AI14: =IF($A14="","",COUNTIF($D14:$AH14,"P")) | AJ14: =IF($A14="","",COUNTIF($D14:$AH14,"AA")+COUNTIF($D14:$AH14,"SA")+COUNTIF($D14:$AH14,"EA")+COUNTIF($D14:$AH14,"OR")+COUNTIF($D14:$AH14,"WO")+COUNTIF($D14:$AH14,"H")) | AK14: =IF($A14="","",COUNTIF($D14:$AH14,"UA")) | AL14: =IF($A14="","",COUNTIF($D14:$AH14,"SA")) | AM14: =IF($A14="","",COUNTIF($D14:$AH14,"EA")) | AN14: =IF($A14="","",COUNTIF($D14:$AH14,"OR")) | AO14: =IF($A14="","",COUNTIF($D14:$AH14,"WO")) | AP14: =IF($A14="","",COUNTIF($D14:$AH14,"H")) | AS14: =IF(OR($A14="",$I$2=0),"",AI14/$I$2) | AT14: =IF(OR($A14="",$I$2=0),"",(AI14+AJ14)/$I$2) | AU14: =IF($A14="","",IF(OR($AK14>=2,AND($AK14>0,$AQ14=""),AND($AK14>0,$AR14="")),"CRITICAL",IF(OR($AK14=1,AND(($AJ14)>0,$AQ14=""),AND(($AJ14)>0,$AR14=""),$AT14<0.95),"REVIEW","OK")))
A15: =IF('Employee Master'!A15="","",'Employee Master'!A15) | B15: =IF($A15="","",'Employee Master'!B15) | C15: =IF($A15="","",'Employee Master'!C15) | D15: UA | E15: UA | F15: UA | G15: UA | H15: UA | I15: UA | J15: UA | K15: UA | L15: UA | M15: UA | N15: UA | O15: UA | P15: UA | Q15: UA | R15: UA | S15: UA | T15: UA | U15: UA | V15: UA | W15: UA | X15: UA | AI15: =IF($A15="","",COUNTIF($D15:$AH15,"P")) | AJ15: =IF($A15="","",COUNTIF($D15:$AH15,"AA")+COUNTIF($D15:$AH15,"SA")+COUNTIF($D15:$AH15,"EA")+COUNTIF($D15:$AH15,"OR")+COUNTIF($D15:$AH15,"WO")+COUNTIF($D15:$AH15,"H")) | AK15: =IF($A15="","",COUNTIF($D15:$AH15,"UA")) | AL15: =IF($A15="","",COUNTIF($D15:$AH15,"SA")) | AM15: =IF($A15="","",COUNTIF($D15:$AH15,"EA")) | AN15: =IF($A15="","",COUNTIF($D15:$AH15,"OR")) | AO15: =IF($A15="","",COUNTIF($D15:$AH15,"WO")) | AP15: =IF($A15="","",COUNTIF($D15:$AH15,"H")) | AS15: =IF(OR($A15="",$I$2=0),"",AI15/$I$2) | AT15: =IF(OR($A15="",$I$2=0),"",(AI15+AJ15)/$I$2) | AU15: =IF($A15="","",IF(OR($AK15>=2,AND($AK15>0,$AQ15=""),AND($AK15>0,$AR15="")),"CRITICAL",IF(OR($AK15=1,AND(($AJ15)>0,$AQ15=""),AND(($AJ15)>0,$AR15=""),$AT15<0.95),"REVIEW","OK")))
A16: =IF('Employee Master'!A16="","",'Employee Master'!A16) | B16: =IF($A16="","",'Employee Master'!B16) | C16: =IF($A16="","",'Employee Master'!C16) | D16: P | E16: P | F16: P | G16: P | H16: P | I16: P | J16: P | K16: P | L16: P | M16: P | N16: P | O16: P | P16: P | AI16: =IF($A16="","",COUNTIF($D16:$AH16,"P")) | AJ16: =IF($A16="","",COUNTIF($D16:$AH16,"AA")+COUNTIF($D16:$AH16,"SA")+COUNTIF($D16:$AH16,"EA")+COUNTIF($D16:$AH16,"OR")+COUNTIF($D16:$AH16,"WO")+COUNTIF($D16:$AH16,"H")) | AK16: =IF($A16="","",COUNTIF($D16:$AH16,"UA")) | AL16: =IF($A16="","",COUNTIF($D16:$AH16,"SA")) | AM16: =IF($A16="","",COUNTIF($D16:$AH16,"EA")) | AN16: =IF($A16="","",COUNTIF($D16:$AH16,"OR")) | AO16: =IF($A16="","",COUNTIF($D16:$AH16,"WO")) | AP16: =IF($A16="","",COUNTIF($D16:$AH16,"H")) | AS16: =IF(OR($A16="",$I$2=0),"",AI16/$I$2) | AT16: =IF(OR($A16="",$I$2=0),"",(AI16+AJ16)/$I$2) | AU16: =IF($A16="","",IF(OR($AK16>=2,AND($AK16>0,$AQ16=""),AND($AK16>0,$AR16="")),"CRITICAL",IF(OR($AK16=1,AND(($AJ16)>0,$AQ16=""),AND(($AJ16)>0,$AR16=""),$AT16<0.95),"REVIEW","OK")))
A17: =IF('Employee Master'!A17="","",'Employee Master'!A17) | B17: =IF($A17="","",'Employee Master'!B17) | C17: =IF($A17="","",'Employee Master'!C17) | D17: P | E17: P | F17: P | G17: P | H17: P | I17: P | J17: P | K17: P | L17: P | M17: P | N17: P | O17: P | P17: P | AI17: =IF($A17="","",COUNTIF($D17:$AH17,"P")) | AJ17: =IF($A17="","",COUNTIF($D17:$AH17,"AA")+COUNTIF($D17:$AH17,"SA")+COUNTIF($D17:$AH17,"EA")+COUNTIF($D17:$AH17,"OR")+COUNTIF($D17:$AH17,"WO")+COUNTIF($D17:$AH17,"H")) | AK17: =IF($A17="","",COUNTIF($D17:$AH17,"UA")) | AL17: =IF($A17="","",COUNTIF($D17:$AH17,"SA")) | AM17: =IF($A17="","",COUNTIF($D17:$AH17,"EA")) | AN17: =IF($A17="","",COUNTIF($D17:$AH17,"OR")) | AO17: =IF($A17="","",COUNTIF($D17:$AH17,"WO")) | AP17: =IF($A17="","",COUNTIF($D17:$AH17,"H")) | AS17: =IF(OR($A17="",$I$2=0),"",AI17/$I$2) | AT17: =IF(OR($A17="",$I$2=0),"",(AI17+AJ17)/$I$2) | AU17: =IF($A17="","",IF(OR($AK17>=2,AND($AK17>0,$AQ17=""),AND($AK17>0,$AR17="")),"CRITICAL",IF(OR($AK17=1,AND(($AJ17)>0,$AQ17=""),AND(($AJ17)>0,$AR17=""),$AT17<0.95),"REVIEW","OK")))
A18: =IF('Employee Master'!A18="","",'Employee Master'!A18) | B18: =IF($A18="","",'Employee Master'!B18) | C18: =IF($A18="","",'Employee Master'!C18) | D18: P | E18: P | F18: P | G18: P | H18: P | I18: P | J18: P | K18: P | L18: P | M18: P | N18: P | O18: P | P18: P | AI18: =IF($A18="","",COUNTIF($D18:$AH18,"P")) | AJ18: =IF($A18="","",COUNTIF($D18:$AH18,"AA")+COUNTIF($D18:$AH18,"SA")+COUNTIF($D18:$AH18,"EA")+COUNTIF($D18:$AH18,"OR")+COUNTIF($D18:$AH18,"WO")+COUNTIF($D18:$AH18,"H")) | AK18: =IF($A18="","",COUNTIF($D18:$AH18,"UA")) | AL18: =IF($A18="","",COUNTIF($D18:$AH18,"SA")) | AM18: =IF($A18="","",COUNTIF($D18:$AH18,"EA")) | AN18: =IF($A18="","",COUNTIF($D18:$AH18,"OR")) | AO18: =IF($A18="","",COUNTIF($D18:$AH18,"WO")) | AP18: =IF($A18="","",COUNTIF($D18:$AH18,"H")) | AS18: =IF(OR($A18="",$I$2=0),"",AI18/$I$2) | AT18: =IF(OR($A18="",$I$2=0),"",(AI18+AJ18)/$I$2) | AU18: =IF($A18="","",IF(OR($AK18>=2,AND($AK18>0,$AQ18=""),AND($AK18>0,$AR18="")),"CRITICAL",IF(OR($AK18=1,AND(($AJ18)>0,$AQ18=""),AND(($AJ18)>0,$AR18=""),$AT18<0.95),"REVIEW","OK")))
A19: =IF('Employee Master'!A19="","",'Employee Master'!A19) | B19: =IF($A19="","",'Employee Master'!B19) | C19: =IF($A19="","",'Employee Master'!C19) | D19: P | E19: P | F19: P | G19: P | H19: P | I19: P | J19: P | K19: P | L19: P | M19: P | N19: P | O19: P | P19: P | AI19: =IF($A19="","",COUNTIF($D19:$AH19,"P")) | AJ19: =IF($A19="","",COUNTIF($D19:$AH19,"AA")+COUNTIF($D19:$AH19,"SA")+COUNTIF($D19:$AH19,"EA")+COUNTIF($D19:$AH19,"OR")+COUNTIF($D19:$AH19,"WO")+COUNTIF($D19:$AH19,"H")) | AK19: =IF($A19="","",COUNTIF($D19:$AH19,"UA")) | AL19: =IF($A19="","",COUNTIF($D19:$AH19,"SA")) | AM19: =IF($A19="","",COUNTIF($D19:$AH19,"EA")) | AN19: =IF($A19="","",COUNTIF($D19:$AH19,"OR")) | AO19: =IF($A19="","",COUNTIF($D19:$AH19,"WO")) | AP19: =IF($A19="","",COUNTIF($D19:$AH19,"H")) | AS19: =IF(OR($A19="",$I$2=0),"",AI19/$I$2) | AT19: =IF(OR($A19="",$I$2=0),"",(AI19+AJ19)/$I$2) | AU19: =IF($A19="","",IF(OR($AK19>=2,AND($AK19>0,$AQ19=""),AND($AK19>0,$AR19="")),"CRITICAL",IF(OR($AK19=1,AND(($AJ19)>0,$AQ19=""),AND(($AJ19)>0,$AR19=""),$AT19<0.95),"REVIEW","OK")))
A20: =IF('Employee Master'!A20="","",'Employee Master'!A20) | B20: =IF($A20="","",'Employee Master'!B20) | C20: =IF($A20="","",'Employee Master'!C20) | D20: P | E20: P | F20: P | G20: P | H20: P | I20: P | J20: P | K20: P | L20: P | M20: P | N20: P | O20: P | P20: P | AI20: =IF($A20="","",COUNTIF($D20:$AH20,"P")) | AJ20: =IF($A20="","",COUNTIF($D20:$AH20,"AA")+COUNTIF($D20:$AH20,"SA")+COUNTIF($D20:$AH20,"EA")+COUNTIF($D20:$AH20,"OR")+COUNTIF($D20:$AH20,"WO")+COUNTIF($D20:$AH20,"H")) | AK20: =IF($A20="","",COUNTIF($D20:$AH20,"UA")) | AL20: =IF($A20="","",COUNTIF($D20:$AH20,"SA")) | AM20: =IF($A20="","",COUNTIF($D20:$AH20,"EA")) | AN20: =IF($A20="","",COUNTIF($D20:$AH20,"OR")) | AO20: =IF($A20="","",COUNTIF($D20:$AH20,"WO")) | AP20: =IF($A20="","",COUNTIF($D20:$AH20,"H")) | AS20: =IF(OR($A20="",$I$2=0),"",AI20/$I$2) | AT20: =IF(OR($A20="",$I$2=0),"",(AI20+AJ20)/$I$2) | AU20: =IF($A20="","",IF(OR($AK20>=2,AND($AK20>0,$AQ20=""),AND($AK20>0,$AR20="")),"CRITICAL",IF(OR($AK20=1,AND(($AJ20)>0,$AQ20=""),AND(($AJ20)>0,$AR20=""),$AT20<0.95),"REVIEW","OK")))
A21: =IF('Employee Master'!A21="","",'Employee Master'!A21) | B21: =IF($A21="","",'Employee Master'!B21) | C21: =IF($A21="","",'Employee Master'!C21) | D21: P | E21: P | F21: P | G21: P | H21: P | I21: P | J21: P | K21: P | L21: P | M21: P | N21: P | O21: P | P21: P | AI21: =IF($A21="","",COUNTIF($D21:$AH21,"P")) | AJ21: =IF($A21="","",COUNTIF($D21:$AH21,"AA")+COUNTIF($D21:$AH21,"SA")+COUNTIF($D21:$AH21,"EA")+COUNTIF($D21:$AH21,"OR")+COUNTIF($D21:$AH21,"WO")+COUNTIF($D21:$AH21,"H")) | AK21: =IF($A21="","",COUNTIF($D21:$AH21,"UA")) | AL21: =IF($A21="","",COUNTIF($D21:$AH21,"SA")) | AM21: =IF($A21="","",COUNTIF($D21:$AH21,"EA")) | AN21: =IF($A21="","",COUNTIF($D21:$AH21,"OR")) | AO21: =IF($A21="","",COUNTIF($D21:$AH21,"WO")) | AP21: =IF($A21="","",COUNTIF($D21:$AH21,"H")) | AS21: =IF(OR($A21="",$I$2=0),"",AI21/$I$2) | AT21: =IF(OR($A21="",$I$2=0),"",(AI21+AJ21)/$I$2) | AU21: =IF($A21="","",IF(OR($AK21>=2,AND($AK21>0,$AQ21=""),AND($AK21>0,$AR21="")),"CRITICAL",IF(OR($AK21=1,AND(($AJ21)>0,$AQ21=""),AND(($AJ21)>0,$AR21=""),$AT21<0.95),"REVIEW","OK")))
A22: =IF('Employee Master'!A22="","",'Employee Master'!A22) | B22: =IF($A22="","",'Employee Master'!B22) | C22: =IF($A22="","",'Employee Master'!C22) | D22: P | E22: P | F22: P | G22: P | H22: P | I22: P | J22: P | K22: P | L22: P | M22: P | N22: P | O22: P | P22: P | AI22: =IF($A22="","",COUNTIF($D22:$AH22,"P")) | AJ22: =IF($A22="","",COUNTIF($D22:$AH22,"AA")+COUNTIF($D22:$AH22,"SA")+COUNTIF($D22:$AH22,"EA")+COUNTIF($D22:$AH22,"OR")+COUNTIF($D22:$AH22,"WO")+COUNTIF($D22:$AH22,"H")) | AK22: =IF($A22="","",COUNTIF($D22:$AH22,"UA")) | AL22: =IF($A22="","",COUNTIF($D22:$AH22,"SA")) | AM22: =IF($A22="","",COUNTIF($D22:$AH22,"EA")) | AN22: =IF($A22="","",COUNTIF($D22:$AH22,"OR")) | AO22: =IF($A22="","",COUNTIF($D22:$AH22,"WO")) | AP22: =IF($A22="","",COUNTIF($D22:$AH22,"H")) | AS22: =IF(OR($A22="",$I$2=0),"",AI22/$I$2) | AT22: =IF(OR($A22="",$I$2=0),"",(AI22+AJ22)/$I$2) | AU22: =IF($A22="","",IF(OR($AK22>=2,AND($AK22>0,$AQ22=""),AND($AK22>0,$AR22="")),"CRITICAL",IF(OR($AK22=1,AND(($AJ22)>0,$AQ22=""),AND(($AJ22)>0,$AR22=""),$AT22<0.95),"REVIEW","OK")))
A23: =IF('Employee Master'!A23="","",'Employee Master'!A23) | B23: =IF($A23="","",'Employee Master'!B23) | C23: =IF($A23="","",'Employee Master'!C23) | D23: P | E23: P | F23: P | G23: P | H23: P | I23: P | J23: P | K23: P | L23: P | M23: P | N23: P | O23: P | P23: P | AI23: =IF($A23="","",COUNTIF($D23:$AH23,"P")) | AJ23: =IF($A23="","",COUNTIF($D23:$AH23,"AA")+COUNTIF($D23:$AH23,"SA")+COUNTIF($D23:$AH23,"EA")+COUNTIF($D23:$AH23,"OR")+COUNTIF($D23:$AH23,"WO")+COUNTIF($D23:$AH23,"H")) | AK23: =IF($A23="","",COUNTIF($D23:$AH23,"UA")) | AL23: =IF($A23="","",COUNTIF($D23:$AH23,"SA")) | AM23: =IF($A23="","",COUNTIF($D23:$AH23,"EA")) | AN23: =IF($A23="","",COUNTIF($D23:$AH23,"OR")) | AO23: =IF($A23="","",COUNTIF($D23:$AH23,"WO")) | AP23: =IF($A23="","",COUNTIF($D23:$AH23,"H")) | AS23: =IF(OR($A23="",$I$2=0),"",AI23/$I$2) | AT23: =IF(OR($A23="",$I$2=0),"",(AI23+AJ23)/$I$2) | AU23: =IF($A23="","",IF(OR($AK23>=2,AND($AK23>0,$AQ23=""),AND($AK23>0,$AR23="")),"CRITICAL",IF(OR($AK23=1,AND(($AJ23)>0,$AQ23=""),AND(($AJ23)>0,$AR23=""),$AT23<0.95),"REVIEW","OK")))
A24: =IF('Employee Master'!A24="","",'Employee Master'!A24) | B24: =IF($A24="","",'Employee Master'!B24) | C24: =IF($A24="","",'Employee Master'!C24) | D24: P | E24: P | F24: P | G24: P | H24: P | I24: P | J24: P | K24: P | L24: P | M24: P | N24: P | O24: P | P24: P | AI24: =IF($A24="","",COUNTIF($D24:$AH24,"P")) | AJ24: =IF($A24="","",COUNTIF($D24:$AH24,"AA")+COUNTIF($D24:$AH24,"SA")+COUNTIF($D24:$AH24,"EA")+COUNTIF($D24:$AH24,"OR")+COUNTIF($D24:$AH24,"WO")+COUNTIF($D24:$AH24,"H")) | AK24: =IF($A24="","",COUNTIF($D24:$AH24,"UA")) | AL24: =IF($A24="","",COUNTIF($D24:$AH24,"SA")) | AM24: =IF($A24="","",COUNTIF($D24:$AH24,"EA")) | AN24: =IF($A24="","",COUNTIF($D24:$AH24,"OR")) | AO24: =IF($A24="","",COUNTIF($D24:$AH24,"WO")) | AP24: =IF($A24="","",COUNTIF($D24:$AH24,"H")) | AS24: =IF(OR($A24="",$I$2=0),"",AI24/$I$2) | AT24: =IF(OR($A24="",$I$2=0),"",(AI24+AJ24)/$I$2) | AU24: =IF($A24="","",IF(OR($AK24>=2,AND($AK24>0,$AQ24=""),AND($AK24>0,$AR24="")),"CRITICAL",IF(OR($AK24=1,AND(($AJ24)>0,$AQ24=""),AND(($AJ24)>0,$AR24=""),$AT24<0.95),"REVIEW","OK")))
A25: =IF('Employee Master'!A25="","",'Employee Master'!A25) | B25: =IF($A25="","",'Employee Master'!B25) | C25: =IF($A25="","",'Employee Master'!C25) | D25: P | E25: P | F25: P | G25: P | H25: P | I25: P | J25: P | K25: P | L25: P | M25: P | N25: P | O25: P | P25: P | AI25: =IF($A25="","",COUNTIF($D25:$AH25,"P")) | AJ25: =IF($A25="","",COUNTIF($D25:$AH25,"AA")+COUNTIF($D25:$AH25,"SA")+COUNTIF($D25:$AH25,"EA")+COUNTIF($D25:$AH25,"OR")+COUNTIF($D25:$AH25,"WO")+COUNTIF($D25:$AH25,"H")) | AK25: =IF($A25="","",COUNTIF($D25:$AH25,"UA")) | AL25: =IF($A25="","",COUNTIF($D25:$AH25,"SA")) | AM25: =IF($A25="","",COUNTIF($D25:$AH25,"EA")) | AN25: =IF($A25="","",COUNTIF($D25:$AH25,"OR")) | AO25: =IF($A25="","",COUNTIF($D25:$AH25,"WO")) | AP25: =IF($A25="","",COUNTIF($D25:$AH25,"H")) | AS25: =IF(OR($A25="",$I$2=0),"",AI25/$I$2) | AT25: =IF(OR($A25="",$I$2=0),"",(AI25+AJ25)/$I$2) | AU25: =IF($A25="","",IF(OR($AK25>=2,AND($AK25>0,$AQ25=""),AND($AK25>0,$AR25="")),"CRITICAL",IF(OR($AK25=1,AND(($AJ25)>0,$AQ25=""),AND(($AJ25)>0,$AR25=""),$AT25<0.95),"REVIEW","OK")))
A26: =IF('Employee Master'!A26="","",'Employee Master'!A26) | B26: =IF($A26="","",'Employee Master'!B26) | C26: =IF($A26="","",'Employee Master'!C26) | D26: P | E26: P | F26: P | G26: P | H26: P | I26: P | J26: P | K26: P | L26: P | M26: P | N26: P | O26: P | P26: P | AI26: =IF($A26="","",COUNTIF($D26:$AH26,"P")) | AJ26: =IF($A26="","",COUNTIF($D26:$AH26,"AA")+COUNTIF($D26:$AH26,"SA")+COUNTIF($D26:$AH26,"EA")+COUNTIF($D26:$AH26,"OR")+COUNTIF($D26:$AH26,"WO")+COUNTIF($D26:$AH26,"H")) | AK26: =IF($A26="","",COUNTIF($D26:$AH26,"UA")) | AL26: =IF($A26="","",COUNTIF($D26:$AH26,"SA")) | AM26: =IF($A26="","",COUNTIF($D26:$AH26,"EA")) | AN26: =IF($A26="","",COUNTIF($D26:$AH26,"OR")) | AO26: =IF($A26="","",COUNTIF($D26:$AH26,"WO")) | AP26: =IF($A26="","",COUNTIF($D26:$AH26,"H")) | AS26: =IF(OR($A26="",$I$2=0),"",AI26/$I$2) | AT26: =IF(OR($A26="",$I$2=0),"",(AI26+AJ26)/$I$2) | AU26: =IF($A26="","",IF(OR($AK26>=2,AND($AK26>0,$AQ26=""),AND($AK26>0,$AR26="")),"CRITICAL",IF(OR($AK26=1,AND(($AJ26)>0,$AQ26=""),AND(($AJ26)>0,$AR26=""),$AT26<0.95),"REVIEW","OK")))
A27: =IF('Employee Master'!A27="","",'Employee Master'!A27) | B27: =IF($A27="","",'Employee Master'!B27) | C27: =IF($A27="","",'Employee Master'!C27) | D27: P | E27: P | F27: P | G27: P | H27: P | I27: P | J27: P | K27: P | L27: P | M27: P | N27: P | O27: P | P27: P | AI27: =IF($A27="","",COUNTIF($D27:$AH27,"P")) | AJ27: =IF($A27="","",COUNTIF($D27:$AH27,"AA")+COUNTIF($D27:$AH27,"SA")+COUNTIF($D27:$AH27,"EA")+COUNTIF($D27:$AH27,"OR")+COUNTIF($D27:$AH27,"WO")+COUNTIF($D27:$AH27,"H")) | AK27: =IF($A27="","",COUNTIF($D27:$AH27,"UA")) | AL27: =IF($A27="","",COUNTIF($D27:$AH27,"SA")) | AM27: =IF($A27="","",COUNTIF($D27:$AH27,"EA")) | AN27: =IF($A27="","",COUNTIF($D27:$AH27,"OR")) | AO27: =IF($A27="","",COUNTIF($D27:$AH27,"WO")) | AP27: =IF($A27="","",COUNTIF($D27:$AH27,"H")) | AS27: =IF(OR($A27="",$I$2=0),"",AI27/$I$2) | AT27: =IF(OR($A27="",$I$2=0),"",(AI27+AJ27)/$I$2) | AU27: =IF($A27="","",IF(OR($AK27>=2,AND($AK27>0,$AQ27=""),AND($AK27>0,$AR27="")),"CRITICAL",IF(OR($AK27=1,AND(($AJ27)>0,$AQ27=""),AND(($AJ27)>0,$AR27=""),$AT27<0.95),"REVIEW","OK")))
A28: =IF('Employee Master'!A28="","",'Employee Master'!A28) | B28: =IF($A28="","",'Employee Master'!B28) | C28: =IF($A28="","",'Employee Master'!C28) | D28: UA | E28: UA | F28: UA | G28: UA | H28: UA | I28: UA | J28: UA | K28: UA | L28: UA | M28: UA | N28: UA | O28: UA | P28: UA | Q28: UA | R28: UA | S28: UA | T28: UA | U28: UA | V28: UA | W28: UA | X28: UA | AI28: =IF($A28="","",COUNTIF($D28:$AH28,"P")) | AJ28: =IF($A28="","",COUNTIF($D28:$AH28,"AA")+COUNTIF($D28:$AH28,"SA")+COUNTIF($D28:$AH28,"EA")+COUNTIF($D28:$AH28,"OR")+COUNTIF($D28:$AH28,"WO")+COUNTIF($D28:$AH28,"H")) | AK28: =IF($A28="","",COUNTIF($D28:$AH28,"UA")) | AL28: =IF($A28="","",COUNTIF($D28:$AH28,"SA")) | AM28: =IF($A28="","",COUNTIF($D28:$AH28,"EA")) | AN28: =IF($A28="","",COUNTIF($D28:$AH28,"OR")) | AO28: =IF($A28="","",COUNTIF($D28:$AH28,"WO")) | AP28: =IF($A28="","",COUNTIF($D28:$AH28,"H")) | AS28: =IF(OR($A28="",$I$2=0),"",AI28/$I$2) | AT28: =IF(OR($A28="",$I$2=0),"",(AI28+AJ28)/$I$2) | AU28: =IF($A28="","",IF(OR($AK28>=2,AND($AK28>0,$AQ28=""),AND($AK28>0,$AR28="")),"CRITICAL",IF(OR($AK28=1,AND(($AJ28)>0,$AQ28=""),AND(($AJ28)>0,$AR28=""),$AT28<0.95),"REVIEW","OK")))
A29: =IF('Employee Master'!A29="","",'Employee Master'!A29) | B29: =IF($A29="","",'Employee Master'!B29) | C29: =IF($A29="","",'Employee Master'!C29) | D29: UA | E29: UA | F29: UA | G29: UA | H29: UA | I29: UA | J29: UA | K29: UA | L29: UA | M29: UA | N29: UA | O29: UA | P29: P | AI29: =IF($A29="","",COUNTIF($D29:$AH29,"P")) | AJ29: =IF($A29="","",COUNTIF($D29:$AH29,"AA")+COUNTIF($D29:$AH29,"SA")+COUNTIF($D29:$AH29,"EA")+COUNTIF($D29:$AH29,"OR")+COUNTIF($D29:$AH29,"WO")+COUNTIF($D29:$AH29,"H")) | AK29: =IF($A29="","",COUNTIF($D29:$AH29,"UA")) | AL29: =IF($A29="","",COUNTIF($D29:$AH29,"SA")) | AM29: =IF($A29="","",COUNTIF($D29:$AH29,"EA")) | AN29: =IF($A29="","",COUNTIF($D29:$AH29,"OR")) | AO29: =IF($A29="","",COUNTIF($D29:$AH29,"WO")) | AP29: =IF($A29="","",COUNTIF($D29:$AH29,"H")) | AQ29: Working 2 days/week — update P days manually | AS29: =IF(OR($A29="",$I$2=0),"",AI29/$I$2) | AT29: =IF(OR($A29="",$I$2=0),"",(AI29+AJ29)/$I$2) | AU29: =IF($A29="","",IF(OR($AK29>=2,AND($AK29>0,$AQ29=""),AND($AK29>0,$AR29="")),"CRITICAL",IF(OR($AK29=1,AND(($AJ29)>0,$AQ29=""),AND(($AJ29)>0,$AR29=""),$AT29<0.95),"REVIEW","OK")))
A30: =IF('Employee Master'!A30="","",'Employee Master'!A30) | B30: =IF($A30="","",'Employee Master'!B30) | C30: =IF($A30="","",'Employee Master'!C30) | D30: P | E30: P | F30: P | G30: P | H30: P | I30: P | J30: P | K30: P | L30: P | M30: P | N30: P | O30: P | P30: P | AI30: =IF($A30="","",COUNTIF($D30:$AH30,"P")) | AJ30: =IF($A30="","",COUNTIF($D30:$AH30,"AA")+COUNTIF($D30:$AH30,"SA")+COUNTIF($D30:$AH30,"EA")+COUNTIF($D30:$AH30,"OR")+COUNTIF($D30:$AH30,"WO")+COUNTIF($D30:$AH30,"H")) | AK30: =IF($A30="","",COUNTIF($D30:$AH30,"UA")) | AL30: =IF($A30="","",COUNTIF($D30:$AH30,"SA")) | AM30: =IF($A30="","",COUNTIF($D30:$AH30,"EA")) | AN30: =IF($A30="","",COUNTIF($D30:$AH30,"OR")) | AO30: =IF($A30="","",COUNTIF($D30:$AH30,"WO")) | AP30: =IF($A30="","",COUNTIF($D30:$AH30,"H")) | AS30: =IF(OR($A30="",$I$2=0),"",AI30/$I$2) | AT30: =IF(OR($A30="",$I$2=0),"",(AI30+AJ30)/$I$2) | AU30: =IF($A30="","",IF(OR($AK30>=2,AND($AK30>0,$AQ30=""),AND($AK30>0,$AR30="")),"CRITICAL",IF(OR($AK30=1,AND(($AJ30)>0,$AQ30=""),AND(($AJ30)>0,$AR30=""),$AT30<0.95),"REVIEW","OK")))
A31: =IF('Employee Master'!A31="","",'Employee Master'!A31) | B31: =IF($A31="","",'Employee Master'!B31) | C31: =IF($A31="","",'Employee Master'!C31) | D31: P | E31: P | F31: P | G31: P | H31: P | I31: P | J31: P | K31: P | L31: P | M31: P | N31: P | O31: P | P31: P | AI31: =IF($A31="","",COUNTIF($D31:$AH31,"P")) | AJ31: =IF($A31="","",COUNTIF($D31:$AH31,"AA")+COUNTIF($D31:$AH31,"SA")+COUNTIF($D31:$AH31,"EA")+COUNTIF($D31:$AH31,"OR")+COUNTIF($D31:$AH31,"WO")+COUNTIF($D31:$AH31,"H")) | AK31: =IF($A31="","",COUNTIF($D31:$AH31,"UA")) | AL31: =IF($A31="","",COUNTIF($D31:$AH31,"SA")) | AM31: =IF($A31="","",COUNTIF($D31:$AH31,"EA")) | AN31: =IF($A31="","",COUNTIF($D31:$AH31,"OR")) | AO31: =IF($A31="","",COUNTIF($D31:$AH31,"WO")) | AP31: =IF($A31="","",COUNTIF($D31:$AH31,"H")) | AS31: =IF(OR($A31="",$I$2=0),"",AI31/$I$2) | AT31: =IF(OR($A31="",$I$2=0),"",(AI31+AJ31)/$I$2) | AU31: =IF($A31="","",IF(OR($AK31>=2,AND($AK31>0,$AQ31=""),AND($AK31>0,$AR31="")),"CRITICAL",IF(OR($AK31=1,AND(($AJ31)>0,$AQ31=""),AND(($AJ31)>0,$AR31=""),$AT31<0.95),"REVIEW","OK")))
A32: =IF('Employee Master'!A32="","",'Employee Master'!A32) | B32: =IF($A32="","",'Employee Master'!B32) | C32: =IF($A32="","",'Employee Master'!C32) | D32: P | E32: P | F32: P | G32: P | H32: P | I32: P | J32: P | K32: P | L32: P | M32: P | N32: P | O32: P | P32: P | AI32: =IF($A32="","",COUNTIF($D32:$AH32,"P")) | AJ32: =IF($A32="","",COUNTIF($D32:$AH32,"AA")+COUNTIF($D32:$AH32,"SA")+COUNTIF($D32:$AH32,"EA")+COUNTIF($D32:$AH32,"OR")+COUNTIF($D32:$AH32,"WO")+COUNTIF($D32:$AH32,"H")) | AK32: =IF($A32="","",COUNTIF($D32:$AH32,"UA")) | AL32: =IF($A32="","",COUNTIF($D32:$AH32,"SA")) | AM32: =IF($A32="","",COUNTIF($D32:$AH32,"EA")) | AN32: =IF($A32="","",COUNTIF($D32:$AH32,"OR")) | AO32: =IF($A32="","",COUNTIF($D32:$AH32,"WO")) | AP32: =IF($A32="","",COUNTIF($D32:$AH32,"H")) | AS32: =IF(OR($A32="",$I$2=0),"",AI32/$I$2) | AT32: =IF(OR($A32="",$I$2=0),"",(AI32+AJ32)/$I$2) | AU32: =IF($A32="","",IF(OR($AK32>=2,AND($AK32>0,$AQ32=""),AND($AK32>0,$AR32="")),"CRITICAL",IF(OR($AK32=1,AND(($AJ32)>0,$AQ32=""),AND(($AJ32)>0,$AR32=""),$AT32<0.95),"REVIEW","OK")))
A33: =IF('Employee Master'!A33="","",'Employee Master'!A33) | B33: =IF($A33="","",'Employee Master'!B33) | C33: =IF($A33="","",'Employee Master'!C33) | D33: P | E33: P | F33: P | G33: P | H33: P | I33: P | J33: P | K33: P | L33: P | M33: P | N33: P | O33: P | P33: P | AI33: =IF($A33="","",COUNTIF($D33:$AH33,"P")) | AJ33: =IF($A33="","",COUNTIF($D33:$AH33,"AA")+COUNTIF($D33:$AH33,"SA")+COUNTIF($D33:$AH33,"EA")+COUNTIF($D33:$AH33,"OR")+COUNTIF($D33:$AH33,"WO")+COUNTIF($D33:$AH33,"H")) | AK33: =IF($A33="","",COUNTIF($D33:$AH33,"UA")) | AL33: =IF($A33="","",COUNTIF($D33:$AH33,"SA")) | AM33: =IF($A33="","",COUNTIF($D33:$AH33,"EA")) | AN33: =IF($A33="","",COUNTIF($D33:$AH33,"OR")) | AO33: =IF($A33="","",COUNTIF($D33:$AH33,"WO")) | AP33: =IF($A33="","",COUNTIF($D33:$AH33,"H")) | AS33: =IF(OR($A33="",$I$2=0),"",AI33/$I$2) | AT33: =IF(OR($A33="",$I$2=0),"",(AI33+AJ33)/$I$2) | AU33: =IF($A33="","",IF(OR($AK33>=2,AND($AK33>0,$AQ33=""),AND($AK33>0,$AR33="")),"CRITICAL",IF(OR($AK33=1,AND(($AJ33)>0,$AQ33=""),AND(($AJ33)>0,$AR33=""),$AT33<0.95),"REVIEW","OK")))
A34: =IF('Employee Master'!A34="","",'Employee Master'!A34) | B34: =IF($A34="","",'Employee Master'!B34) | C34: =IF($A34="","",'Employee Master'!C34) | D34: P | E34: P | F34: P | G34: P | H34: P | I34: P | J34: P | K34: P | L34: P | M34: P | N34: P | O34: P | P34: P | AI34: =IF($A34="","",COUNTIF($D34:$AH34,"P")) | AJ34: =IF($A34="","",COUNTIF($D34:$AH34,"AA")+COUNTIF($D34:$AH34,"SA")+COUNTIF($D34:$AH34,"EA")+COUNTIF($D34:$AH34,"OR")+COUNTIF($D34:$AH34,"WO")+COUNTIF($D34:$AH34,"H")) | AK34: =IF($A34="","",COUNTIF($D34:$AH34,"UA")) | AL34: =IF($A34="","",COUNTIF($D34:$AH34,"SA")) | AM34: =IF($A34="","",COUNTIF($D34:$AH34,"EA")) | AN34: =IF($A34="","",COUNTIF($D34:$AH34,"OR")) | AO34: =IF($A34="","",COUNTIF($D34:$AH34,"WO")) | AP34: =IF($A34="","",COUNTIF($D34:$AH34,"H")) | AS34: =IF(OR($A34="",$I$2=0),"",AI34/$I$2) | AT34: =IF(OR($A34="",$I$2=0),"",(AI34+AJ34)/$I$2) | AU34: =IF($A34="","",IF(OR($AK34>=2,AND($AK34>0,$AQ34=""),AND($AK34>0,$AR34="")),"CRITICAL",IF(OR($AK34=1,AND(($AJ34)>0,$AQ34=""),AND(($AJ34)>0,$AR34=""),$AT34<0.95),"REVIEW","OK")))
A35: =IF('Employee Master'!A35="","",'Employee Master'!A35) | B35: =IF($A35="","",'Employee Master'!B35) | C35: =IF($A35="","",'Employee Master'!C35) | D35: P | E35: P | F35: P | G35: P | H35: P | I35: P | J35: P | K35: P | L35: P | M35: P | N35: P | O35: P | P35: P | AI35: =IF($A35="","",COUNTIF($D35:$AH35,"P")) | AJ35: =IF($A35="","",COUNTIF($D35:$AH35,"AA")+COUNTIF($D35:$AH35,"SA")+COUNTIF($D35:$AH35,"EA")+COUNTIF($D35:$AH35,"OR")+COUNTIF($D35:$AH35,"WO")+COUNTIF($D35:$AH35,"H")) | AK35: =IF($A35="","",COUNTIF($D35:$AH35,"UA")) | AL35: =IF($A35="","",COUNTIF($D35:$AH35,"SA")) | AM35: =IF($A35="","",COUNTIF($D35:$AH35,"EA")) | AN35: =IF($A35="","",COUNTIF($D35:$AH35,"OR")) | AO35: =IF($A35="","",COUNTIF($D35:$AH35,"WO")) | AP35: =IF($A35="","",COUNTIF($D35:$AH35,"H")) | AS35: =IF(OR($A35="",$I$2=0),"",AI35/$I$2) | AT35: =IF(OR($A35="",$I$2=0),"",(AI35+AJ35)/$I$2) | AU35: =IF($A35="","",IF(OR($AK35>=2,AND($AK35>0,$AQ35=""),AND($AK35>0,$AR35="")),"CRITICAL",IF(OR($AK35=1,AND(($AJ35)>0,$AQ35=""),AND(($AJ35)>0,$AR35=""),$AT35<0.95),"REVIEW","OK")))
A36: =IF('Employee Master'!A36="","",'Employee Master'!A36) | B36: =IF($A36="","",'Employee Master'!B36) | C36: =IF($A36="","",'Employee Master'!C36) | D36: P | E36: P | F36: P | G36: P | H36: P | I36: P | J36: P | K36: P | L36: P | M36: P | N36: P | O36: P | P36: P | AI36: =IF($A36="","",COUNTIF($D36:$AH36,"P")) | AJ36: =IF($A36="","",COUNTIF($D36:$AH36,"AA")+COUNTIF($D36:$AH36,"SA")+COUNTIF($D36:$AH36,"EA")+COUNTIF($D36:$AH36,"OR")+COUNTIF($D36:$AH36,"WO")+COUNTIF($D36:$AH36,"H")) | AK36: =IF($A36="","",COUNTIF($D36:$AH36,"UA")) | AL36: =IF($A36="","",COUNTIF($D36:$AH36,"SA")) | AM36: =IF($A36="","",COUNTIF($D36:$AH36,"EA")) | AN36: =IF($A36="","",COUNTIF($D36:$AH36,"OR")) | AO36: =IF($A36="","",COUNTIF($D36:$AH36,"WO")) | AP36: =IF($A36="","",COUNTIF($D36:$AH36,"H")) | AS36: =IF(OR($A36="",$I$2=0),"",AI36/$I$2) | AT36: =IF(OR($A36="",$I$2=0),"",(AI36+AJ36)/$I$2) | AU36: =IF($A36="","",IF(OR($AK36>=2,AND($AK36>0,$AQ36=""),AND($AK36>0,$AR36="")),"CRITICAL",IF(OR($AK36=1,AND(($AJ36)>0,$AQ36=""),AND(($AJ36)>0,$AR36=""),$AT36<0.95),"REVIEW","OK")))
A37: =IF('Employee Master'!A37="","",'Employee Master'!A37) | B37: =IF($A37="","",'Employee Master'!B37) | C37: =IF($A37="","",'Employee Master'!C37) | D37: P | E37: P | F37: P | G37: P | H37: P | I37: P | J37: P | K37: P | L37: P | M37: P | N37: P | O37: P | P37: P | AI37: =IF($A37="","",COUNTIF($D37:$AH37,"P")) | AJ37: =IF($A37="","",COUNTIF($D37:$AH37,"AA")+COUNTIF($D37:$AH37,"SA")+COUNTIF($D37:$AH37,"EA")+COUNTIF($D37:$AH37,"OR")+COUNTIF($D37:$AH37,"WO")+COUNTIF($D37:$AH37,"H")) | AK37: =IF($A37="","",COUNTIF($D37:$AH37,"UA")) | AL37: =IF($A37="","",COUNTIF($D37:$AH37,"SA")) | AM37: =IF($A37="","",COUNTIF($D37:$AH37,"EA")) | AN37: =IF($A37="","",COUNTIF($D37:$AH37,"OR")) | AO37: =IF($A37="","",COUNTIF($D37:$AH37,"WO")) | AP37: =IF($A37="","",COUNTIF($D37:$AH37,"H")) | AS37: =IF(OR($A37="",$I$2=0),"",AI37/$I$2) | AT37: =IF(OR($A37="",$I$2=0),"",(AI37+AJ37)/$I$2) | AU37: =IF($A37="","",IF(OR($AK37>=2,AND($AK37>0,$AQ37=""),AND($AK37>0,$AR37="")),"CRITICAL",IF(OR($AK37=1,AND(($AJ37)>0,$AQ37=""),AND(($AJ37)>0,$AR37=""),$AT37<0.95),"REVIEW","OK")))
A38: =IF('Employee Master'!A38="","",'Employee Master'!A38) | B38: =IF($A38="","",'Employee Master'!B38) | C38: =IF($A38="","",'Employee Master'!C38) | D38: P | E38: P | F38: P | G38: P | H38: P | I38: P | J38: P | K38: P | L38: P | M38: P | N38: P | O38: P | P38: P | AI38: =IF($A38="","",COUNTIF($D38:$AH38,"P")) | AJ38: =IF($A38="","",COUNTIF($D38:$AH38,"AA")+COUNTIF($D38:$AH38,"SA")+COUNTIF($D38:$AH38,"EA")+COUNTIF($D38:$AH38,"OR")+COUNTIF($D38:$AH38,"WO")+COUNTIF($D38:$AH38,"H")) | AK38: =IF($A38="","",COUNTIF($D38:$AH38,"UA")) | AL38: =IF($A38="","",COUNTIF($D38:$AH38,"SA")) | AM38: =IF($A38="","",COUNTIF($D38:$AH38,"EA")) | AN38: =IF($A38="","",COUNTIF($D38:$AH38,"OR")) | AO38: =IF($A38="","",COUNTIF($D38:$AH38,"WO")) | AP38: =IF($A38="","",COUNTIF($D38:$AH38,"H")) | AS38: =IF(OR($A38="",$I$2=0),"",AI38/$I$2) | AT38: =IF(OR($A38="",$I$2=0),"",(AI38+AJ38)/$I$2) | AU38: =IF($A38="","",IF(OR($AK38>=2,AND($AK38>0,$AQ38=""),AND($AK38>0,$AR38="")),"CRITICAL",IF(OR($AK38=1,AND(($AJ38)>0,$AQ38=""),AND(($AJ38)>0,$AR38=""),$AT38<0.95),"REVIEW","OK")))
A39: =IF('Employee Master'!A39="","",'Employee Master'!A39) | B39: =IF($A39="","",'Employee Master'!B39) | C39: =IF($A39="","",'Employee Master'!C39) | D39: UA | E39: UA | F39: UA | G39: UA | H39: UA | I39: UA | J39: UA | K39: UA | L39: UA | M39: UA | N39: UA | O39: P | P39: P | AI39: =IF($A39="","",COUNTIF($D39:$AH39,"P")) | AJ39: =IF($A39="","",COUNTIF($D39:$AH39,"AA")+COUNTIF($D39:$AH39,"SA")+COUNTIF($D39:$AH39,"EA")+COUNTIF($D39:$AH39,"OR")+COUNTIF($D39:$AH39,"WO")+COUNTIF($D39:$AH39,"H")) | AK39: =IF($A39="","",COUNTIF($D39:$AH39,"UA")) | AL39: =IF($A39="","",COUNTIF($D39:$AH39,"SA")) | AM39: =IF($A39="","",COUNTIF($D39:$AH39,"EA")) | AN39: =IF($A39="","",COUNTIF($D39:$AH39,"OR")) | AO39: =IF($A39="","",COUNTIF($D39:$AH39,"WO")) | AP39: =IF($A39="","",COUNTIF($D39:$AH39,"H")) | AS39: =IF(OR($A39="",$I$2=0),"",AI39/$I$2) | AT39: =IF(OR($A39="",$I$2=0),"",(AI39+AJ39)/$I$2) | AU39: =IF($A39="","",IF(OR($AK39>=2,AND($AK39>0,$AQ39=""),AND($AK39>0,$AR39="")),"CRITICAL",IF(OR($AK39=1,AND(($AJ39)>0,$AQ39=""),AND(($AJ39)>0,$AR39=""),$AT39<0.95),"REVIEW","OK")))
A40: =IF('Employee Master'!A40="","",'Employee Master'!A40) | B40: =IF($A40="","",'Employee Master'!B40) | C40: =IF($A40="","",'Employee Master'!C40) | D40: UA | E40: UA | F40: UA | G40: UA | H40: UA | I40: UA | J40: UA | K40: UA | L40: UA | M40: UA | N40: UA | O40: UA | P40: UA | Q40: UA | R40: UA | S40: UA | T40: UA | U40: UA | V40: UA | AI40: =IF($A40="","",COUNTIF($D40:$AH40,"P")) | AJ40: =IF($A40="","",COUNTIF($D40:$AH40,"AA")+COUNTIF($D40:$AH40,"SA")+COUNTIF($D40:$AH40,"EA")+COUNTIF($D40:$AH40,"OR")+COUNTIF($D40:$AH40,"WO")+COUNTIF($D40:$AH40,"H")) | AK40: =IF($A40="","",COUNTIF($D40:$AH40,"UA")) | AL40: =IF($A40="","",COUNTIF($D40:$AH40,"SA")) | AM40: =IF($A40="","",COUNTIF($D40:$AH40,"EA")) | AN40: =IF($A40="","",COUNTIF($D40:$AH40,"OR")) | AO40: =IF($A40="","",COUNTIF($D40:$AH40,"WO")) | AP40: =IF($A40="","",COUNTIF($D40:$AH40,"H")) | AS40: =IF(OR($A40="",$I$2=0),"",AI40/$I$2) | AT40: =IF(OR($A40="",$I$2=0),"",(AI40+AJ40)/$I$2) | AU40: =IF($A40="","",IF(OR($AK40>=2,AND($AK40>0,$AQ40=""),AND($AK40>0,$AR40="")),"CRITICAL",IF(OR($AK40=1,AND(($AJ40)>0,$AQ40=""),AND(($AJ40)>0,$AR40=""),$AT40<0.95),"REVIEW","OK")))
A41: =IF('Employee Master'!A41="","",'Employee Master'!A41) | B41: =IF($A41="","",'Employee Master'!B41) | C41: =IF($A41="","",'Employee Master'!C41) | D41: P | E41: P | F41: P | G41: P | H41: P | I41: P | J41: P | K41: P | L41: P | M41: P | N41: P | O41: P | P41: P | Z41: UA | AA41: UA | AI41: =IF($A41="","",COUNTIF($D41:$AH41,"P")) | AJ41: =IF($A41="","",COUNTIF($D41:$AH41,"AA")+COUNTIF($D41:$AH41,"SA")+COUNTIF($D41:$AH41,"EA")+COUNTIF($D41:$AH41,"OR")+COUNTIF($D41:$AH41,"WO")+COUNTIF($D41:$AH41,"H")) | AK41: =IF($A41="","",COUNTIF($D41:$AH41,"UA")) | AL41: =IF($A41="","",COUNTIF($D41:$AH41,"SA")) | AM41: =IF($A41="","",COUNTIF($D41:$AH41,"EA")) | AN41: =IF($A41="","",COUNTIF($D41:$AH41,"OR")) | AO41: =IF($A41="","",COUNTIF($D41:$AH41,"WO")) | AP41: =IF($A41="","",COUNTIF($D41:$AH41,"H")) | AS41: =IF(OR($A41="",$I$2=0),"",AI41/$I$2) | AT41: =IF(OR($A41="",$I$2=0),"",(AI41+AJ41)/$I$2) | AU41: =IF($A41="","",IF(OR($AK41>=2,AND($AK41>0,$AQ41=""),AND($AK41>0,$AR41="")),"CRITICAL",IF(OR($AK41=1,AND(($AJ41)>0,$AQ41=""),AND(($AJ41)>0,$AR41=""),$AT41<0.95),"REVIEW","OK")))
A42: =IF('Employee Master'!A42="","",'Employee Master'!A42) | B42: =IF($A42="","",'Employee Master'!B42) | C42: =IF($A42="","",'Employee Master'!C42) | D42: P | E42: P | F42: P | G42: P | H42: P | I42: P | J42: P | K42: P | L42: P | M42: P | N42: P | O42: P | P42: P | AI42: =IF($A42="","",COUNTIF($D42:$AH42,"P")) | AJ42: =IF($A42="","",COUNTIF($D42:$AH42,"AA")+COUNTIF($D42:$AH42,"SA")+COUNTIF($D42:$AH42,"EA")+COUNTIF($D42:$AH42,"OR")+COUNTIF($D42:$AH42,"WO")+COUNTIF($D42:$AH42,"H")) | AK42: =IF($A42="","",COUNTIF($D42:$AH42,"UA")) | AL42: =IF($A42="","",COUNTIF($D42:$AH42,"SA")) | AM42: =IF($A42="","",COUNTIF($D42:$AH42,"EA")) | AN42: =IF($A42="","",COUNTIF($D42:$AH42,"OR")) | AO42: =IF($A42="","",COUNTIF($D42:$AH42,"WO")) | AP42: =IF($A42="","",COUNTIF($D42:$AH42,"H")) | AS42: =IF(OR($A42="",$I$2=0),"",AI42/$I$2) | AT42: =IF(OR($A42="",$I$2=0),"",(AI42+AJ42)/$I$2) | AU42: =IF($A42="","",IF(OR($AK42>=2,AND($AK42>0,$AQ42=""),AND($AK42>0,$AR42="")),"CRITICAL",IF(OR($AK42=1,AND(($AJ42)>0,$AQ42=""),AND(($AJ42)>0,$AR42=""),$AT42<0.95),"REVIEW","OK")))
A43: =IF('Employee Master'!A43="","",'Employee Master'!A43) | B43: =IF($A43="","",'Employee Master'!B43) | C43: =IF($A43="","",'Employee Master'!C43) | D43: P | E43: P | F43: P | G43: P | H43: P | I43: P | J43: P | K43: P | L43: P | M43: P | N43: P | O43: P | P43: P | AI43: =IF($A43="","",COUNTIF($D43:$AH43,"P")) | AJ43: =IF($A43="","",COUNTIF($D43:$AH43,"AA")+COUNTIF($D43:$AH43,"SA")+COUNTIF($D43:$AH43,"EA")+COUNTIF($D43:$AH43,"OR")+COUNTIF($D43:$AH43,"WO")+COUNTIF($D43:$AH43,"H")) | AK43: =IF($A43="","",COUNTIF($D43:$AH43,"UA")) | AL43: =IF($A43="","",COUNTIF($D43:$AH43,"SA")) | AM43: =IF($A43="","",COUNTIF($D43:$AH43,"EA")) | AN43: =IF($A43="","",COUNTIF($D43:$AH43,"OR")) | AO43: =IF($A43="","",COUNTIF($D43:$AH43,"WO")) | AP43: =IF($A43="","",COUNTIF($D43:$AH43,"H")) | AS43: =IF(OR($A43="",$I$2=0),"",AI43/$I$2) | AT43: =IF(OR($A43="",$I$2=0),"",(AI43+AJ43)/$I$2) | AU43: =IF($A43="","",IF(OR($AK43>=2,AND($AK43>0,$AQ43=""),AND($AK43>0,$AR43="")),"CRITICAL",IF(OR($AK43=1,AND(($AJ43)>0,$AQ43=""),AND(($AJ43)>0,$AR43=""),$AT43<0.95),"REVIEW","OK")))
A44: =IF('Employee Master'!A44="","",'Employee Master'!A44) | B44: =IF($A44="","",'Employee Master'!B44) | C44: =IF($A44="","",'Employee Master'!C44) | D44: P | E44: P | F44: P | G44: P | H44: P | I44: P | J44: P | K44: P | L44: P | M44: P | N44: P | O44: P | P44: P | AI44: =IF($A44="","",COUNTIF($D44:$AH44,"P")) | AJ44: =IF($A44="","",COUNTIF($D44:$AH44,"AA")+COUNTIF($D44:$AH44,"SA")+COUNTIF($D44:$AH44,"EA")+COUNTIF($D44:$AH44,"OR")+COUNTIF($D44:$AH44,"WO")+COUNTIF($D44:$AH44,"H")) | AK44: =IF($A44="","",COUNTIF($D44:$AH44,"UA")) | AL44: =IF($A44="","",COUNTIF($D44:$AH44,"SA")) | AM44: =IF($A44="","",COUNTIF($D44:$AH44,"EA")) | AN44: =IF($A44="","",COUNTIF($D44:$AH44,"OR")) | AO44: =IF($A44="","",COUNTIF($D44:$AH44,"WO")) | AP44: =IF($A44="","",COUNTIF($D44:$AH44,"H")) | AS44: =IF(OR($A44="",$I$2=0),"",AI44/$I$2) | AT44: =IF(OR($A44="",$I$2=0),"",(AI44+AJ44)/$I$2) | AU44: =IF($A44="","",IF(OR($AK44>=2,AND($AK44>0,$AQ44=""),AND($AK44>0,$AR44="")),"CRITICAL",IF(OR($AK44=1,AND(($AJ44)>0,$AQ44=""),AND(($AJ44)>0,$AR44=""),$AT44<0.95),"REVIEW","OK")))
A45: =IF('Employee Master'!A45="","",'Employee Master'!A45) | B45: =IF($A45="","",'Employee Master'!B45) | C45: =IF($A45="","",'Employee Master'!C45) | D45: P | E45: P | F45: P | G45: P | H45: P | I45: P | J45: P | K45: P | L45: P | M45: P | N45: P | O45: P | P45: P | AI45: =IF($A45="","",COUNTIF($D45:$AH45,"P")) | AJ45: =IF($A45="","",COUNTIF($D45:$AH45,"AA")+COUNTIF($D45:$AH45,"SA")+COUNTIF($D45:$AH45,"EA")+COUNTIF($D45:$AH45,"OR")+COUNTIF($D45:$AH45,"WO")+COUNTIF($D45:$AH45,"H")) | AK45: =IF($A45="","",COUNTIF($D45:$AH45,"UA")) | AL45: =IF($A45="","",COUNTIF($D45:$AH45,"SA")) | AM45: =IF($A45="","",COUNTIF($D45:$AH45,"EA")) | AN45: =IF($A45="","",COUNTIF($D45:$AH45,"OR")) | AO45: =IF($A45="","",COUNTIF($D45:$AH45,"WO")) | AP45: =IF($A45="","",COUNTIF($D45:$AH45,"H")) | AS45: =IF(OR($A45="",$I$2=0),"",AI45/$I$2) | AT45: =IF(OR($A45="",$I$2=0),"",(AI45+AJ45)/$I$2) | AU45: =IF($A45="","",IF(OR($AK45>=2,AND($AK45>0,$AQ45=""),AND($AK45>0,$AR45="")),"CRITICAL",IF(OR($AK45=1,AND(($AJ45)>0,$AQ45=""),AND(($AJ45)>0,$AR45=""),$AT45<0.95),"REVIEW","OK")))
A46: =IF('Employee Master'!A46="","",'Employee Master'!A46) | B46: =IF($A46="","",'Employee Master'!B46) | C46: =IF($A46="","",'Employee Master'!C46) | D46: P | E46: P | F46: P | G46: P | H46: P | I46: P | J46: P | K46: P | L46: P | M46: P | N46: P | O46: P | P46: P | AI46: =IF($A46="","",COUNTIF($D46:$AH46,"P")) | AJ46: =IF($A46="","",COUNTIF($D46:$AH46,"AA")+COUNTIF($D46:$AH46,"SA")+COUNTIF($D46:$AH46,"EA")+COUNTIF($D46:$AH46,"OR")+COUNTIF($D46:$AH46,"WO")+COUNTIF($D46:$AH46,"H")) | AK46: =IF($A46="","",COUNTIF($D46:$AH46,"UA")) | AL46: =IF($A46="","",COUNTIF($D46:$AH46,"SA")) | AM46: =IF($A46="","",COUNTIF($D46:$AH46,"EA")) | AN46: =IF($A46="","",COUNTIF($D46:$AH46,"OR")) | AO46: =IF($A46="","",COUNTIF($D46:$AH46,"WO")) | AP46: =IF($A46="","",COUNTIF($D46:$AH46,"H")) | AS46: =IF(OR($A46="",$I$2=0),"",AI46/$I$2) | AT46: =IF(OR($A46="",$I$2=0),"",(AI46+AJ46)/$I$2) | AU46: =IF($A46="","",IF(OR($AK46>=2,AND($AK46>0,$AQ46=""),AND($AK46>0,$AR46="")),"CRITICAL",IF(OR($AK46=1,AND(($AJ46)>0,$AQ46=""),AND(($AJ46)>0,$AR46=""),$AT46<0.95),"REVIEW","OK")))
A47: =IF('Employee Master'!A47="","",'Employee Master'!A47) | B47: =IF($A47="","",'Employee Master'!B47) | C47: =IF($A47="","",'Employee Master'!C47) | D47: UA | E47: UA | F47: UA | G47: UA | H47: UA | I47: UA | J47: UA | K47: UA | L47: UA | M47: UA | N47: UA | O47: UA | P47: UA | Q47: UA | R47: UA | S47: UA | T47: UA | U47: UA | V47: UA | W47: UA | X47: UA | AI47: =IF($A47="","",COUNTIF($D47:$AH47,"P")) | AJ47: =IF($A47="","",COUNTIF($D47:$AH47,"AA")+COUNTIF($D47:$AH47,"SA")+COUNTIF($D47:$AH47,"EA")+COUNTIF($D47:$AH47,"OR")+COUNTIF($D47:$AH47,"WO")+COUNTIF($D47:$AH47,"H")) | AK47: =IF($A47="","",COUNTIF($D47:$AH47,"UA")) | AL47: =IF($A47="","",COUNTIF($D47:$AH47,"SA")) | AM47: =IF($A47="","",COUNTIF($D47:$AH47,"EA")) | AN47: =IF($A47="","",COUNTIF($D47:$AH47,"OR")) | AO47: =IF($A47="","",COUNTIF($D47:$AH47,"WO")) | AP47: =IF($A47="","",COUNTIF($D47:$AH47,"H")) | AQ47: Working 2 days/week — update P days manually | AS47: =IF(OR($A47="",$I$2=0),"",AI47/$I$2) | AT47: =IF(OR($A47="",$I$2=0),"",(AI47+AJ47)/$I$2) | AU47: =IF($A47="","",IF(OR($AK47>=2,AND($AK47>0,$AQ47=""),AND($AK47>0,$AR47="")),"CRITICAL",IF(OR($AK47=1,AND(($AJ47)>0,$AQ47=""),AND(($AJ47)>0,$AR47=""),$AT47<0.95),"REVIEW","OK")))
A48: =IF('Employee Master'!A48="","",'Employee Master'!A48) | B48: =IF($A48="","",'Employee Master'!B48) | C48: =IF($A48="","",'Employee Master'!C48) | D48: P | E48: P | F48: P | G48: P | H48: P | I48: P | J48: P | K48: P | L48: P | M48: P | N48: P | O48: P | P48: P | AI48: =IF($A48="","",COUNTIF($D48:$AH48,"P")) | AJ48: =IF($A48="","",COUNTIF($D48:$AH48,"AA")+COUNTIF($D48:$AH48,"SA")+COUNTIF($D48:$AH48,"EA")+COUNTIF($D48:$AH48,"OR")+COUNTIF($D48:$AH48,"WO")+COUNTIF($D48:$AH48,"H")) | AK48: =IF($A48="","",COUNTIF($D48:$AH48,"UA")) | AL48: =IF($A48="","",COUNTIF($D48:$AH48,"SA")) | AM48: =IF($A48="","",COUNTIF($D48:$AH48,"EA")) | AN48: =IF($A48="","",COUNTIF($D48:$AH48,"OR")) | AO48: =IF($A48="","",COUNTIF($D48:$AH48,"WO")) | AP48: =IF($A48="","",COUNTIF($D48:$AH48,"H")) | AS48: =IF(OR($A48="",$I$2=0),"",AI48/$I$2) | AT48: =IF(OR($A48="",$I$2=0),"",(AI48+AJ48)/$I$2) | AU48: =IF($A48="","",IF(OR($AK48>=2,AND($AK48>0,$AQ48=""),AND($AK48>0,$AR48="")),"CRITICAL",IF(OR($AK48=1,AND(($AJ48)>0,$AQ48=""),AND(($AJ48)>0,$AR48=""),$AT48<0.95),"REVIEW","OK")))
A49: =IF('Employee Master'!A49="","",'Employee Master'!A49) | B49: =IF($A49="","",'Employee Master'!B49) | C49: =IF($A49="","",'Employee Master'!C49) | D49: P | E49: P | F49: P | G49: P | H49: P | I49: P | J49: P | K49: P | L49: P | M49: P | N49: P | O49: P | P49: P | AI49: =IF($A49="","",COUNTIF($D49:$AH49,"P")) | AJ49: =IF($A49="","",COUNTIF($D49:$AH49,"AA")+COUNTIF($D49:$AH49,"SA")+COUNTIF($D49:$AH49,"EA")+COUNTIF($D49:$AH49,"OR")+COUNTIF($D49:$AH49,"WO")+COUNTIF($D49:$AH49,"H")) | AK49: =IF($A49="","",COUNTIF($D49:$AH49,"UA")) | AL49: =IF($A49="","",COUNTIF($D49:$AH49,"SA")) | AM49: =IF($A49="","",COUNTIF($D49:$AH49,"EA")) | AN49: =IF($A49="","",COUNTIF($D49:$AH49,"OR")) | AO49: =IF($A49="","",COUNTIF($D49:$AH49,"WO")) | AP49: =IF($A49="","",COUNTIF($D49:$AH49,"H")) | AS49: =IF(OR($A49="",$I$2=0),"",AI49/$I$2) | AT49: =IF(OR($A49="",$I$2=0),"",(AI49+AJ49)/$I$2) | AU49: =IF($A49="","",IF(OR($AK49>=2,AND($AK49>0,$AQ49=""),AND($AK49>0,$AR49="")),"CRITICAL",IF(OR($AK49=1,AND(($AJ49)>0,$AQ49=""),AND(($AJ49)>0,$AR49=""),$AT49<0.95),"REVIEW","OK")))
A50: =IF('Employee Master'!A50="","",'Employee Master'!A50) | B50: =IF($A50="","",'Employee Master'!B50) | C50: =IF($A50="","",'Employee Master'!C50) | D50: P | E50: P | F50: P | G50: P | H50: P | I50: P | J50: P | K50: P | L50: P | M50: P | N50: P | O50: P | P50: P | AI50: =IF($A50="","",COUNTIF($D50:$AH50,"P")) | AJ50: =IF($A50="","",COUNTIF($D50:$AH50,"AA")+COUNTIF($D50:$AH50,"SA")+COUNTIF($D50:$AH50,"EA")+COUNTIF($D50:$AH50,"OR")+COUNTIF($D50:$AH50,"WO")+COUNTIF($D50:$AH50,"H")) | AK50: =IF($A50="","",COUNTIF($D50:$AH50,"UA")) | AL50: =IF($A50="","",COUNTIF($D50:$AH50,"SA")) | AM50: =IF($A50="","",COUNTIF($D50:$AH50,"EA")) | AN50: =IF($A50="","",COUNTIF($D50:$AH50,"OR")) | AO50: =IF($A50="","",COUNTIF($D50:$AH50,"WO")) | AP50: =IF($A50="","",COUNTIF($D50:$AH50,"H")) | AS50: =IF(OR($A50="",$I$2=0),"",AI50/$I$2) | AT50: =IF(OR($A50="",$I$2=0),"",(AI50+AJ50)/$I$2) | AU50: =IF($A50="","",IF(OR($AK50>=2,AND($AK50>0,$AQ50=""),AND($AK50>0,$AR50="")),"CRITICAL",IF(OR($AK50=1,AND(($AJ50)>0,$AQ50=""),AND(($AJ50)>0,$AR50=""),$AT50<0.95),"REVIEW","OK")))
A51: =IF('Employee Master'!A51="","",'Employee Master'!A51) | B51: =IF($A51="","",'Employee Master'!B51) | C51: =IF($A51="","",'Employee Master'!C51) | D51: P | E51: P | F51: P | G51: P | H51: P | I51: P | J51: P | K51: P | L51: P | M51: P | N51: P | O51: P | P51: P | AI51: =IF($A51="","",COUNTIF($D51:$AH51,"P")) | AJ51: =IF($A51="","",COUNTIF($D51:$AH51,"AA")+COUNTIF($D51:$AH51,"SA")+COUNTIF($D51:$AH51,"EA")+COUNTIF($D51:$AH51,"OR")+COUNTIF($D51:$AH51,"WO")+COUNTIF($D51:$AH51,"H")) | AK51: =IF($A51="","",COUNTIF($D51:$AH51,"UA")) | AL51: =IF($A51="","",COUNTIF($D51:$AH51,"SA")) | AM51: =IF($A51="","",COUNTIF($D51:$AH51,"EA")) | AN51: =IF($A51="","",COUNTIF($D51:$AH51,"OR")) | AO51: =IF($A51="","",COUNTIF($D51:$AH51,"WO")) | AP51: =IF($A51="","",COUNTIF($D51:$AH51,"H")) | AS51: =IF(OR($A51="",$I$2=0),"",AI51/$I$2) | AT51: =IF(OR($A51="",$I$2=0),"",(AI51+AJ51)/$I$2) | AU51: =IF($A51="","",IF(OR($AK51>=2,AND($AK51>0,$AQ51=""),AND($AK51>0,$AR51="")),"CRITICAL",IF(OR($AK51=1,AND(($AJ51)>0,$AQ51=""),AND(($AJ51)>0,$AR51=""),$AT51<0.95),"REVIEW","OK")))
A52: =IF('Employee Master'!A52="","",'Employee Master'!A52) | B52: =IF($A52="","",'Employee Master'!B52) | C52: =IF($A52="","",'Employee Master'!C52) | D52: P | E52: P | F52: P | G52: P | H52: P | I52: P | J52: P | K52: P | L52: P | M52: P | N52: P | O52: P | P52: P | AI52: =IF($A52="","",COUNTIF($D52:$AH52,"P")) | AJ52: =IF($A52="","",COUNTIF($D52:$AH52,"AA")+COUNTIF($D52:$AH52,"SA")+COUNTIF($D52:$AH52,"EA")+COUNTIF($D52:$AH52,"OR")+COUNTIF($D52:$AH52,"WO")+COUNTIF($D52:$AH52,"H")) | AK52: =IF($A52="","",COUNTIF($D52:$AH52,"UA")) | AL52: =IF($A52="","",COUNTIF($D52:$AH52,"SA")) | AM52: =IF($A52="","",COUNTIF($D52:$AH52,"EA")) | AN52: =IF($A52="","",COUNTIF($D52:$AH52,"OR")) | AO52: =IF($A52="","",COUNTIF($D52:$AH52,"WO")) | AP52: =IF($A52="","",COUNTIF($D52:$AH52,"H")) | AS52: =IF(OR($A52="",$I$2=0),"",AI52/$I$2) | AT52: =IF(OR($A52="",$I$2=0),"",(AI52+AJ52)/$I$2) | AU52: =IF($A52="","",IF(OR($AK52>=2,AND($AK52>0,$AQ52=""),AND($AK52>0,$AR52="")),"CRITICAL",IF(OR($AK52=1,AND(($AJ52)>0,$AQ52=""),AND(($AJ52)>0,$AR52=""),$AT52<0.95),"REVIEW","OK")))
A53: =IF('Employee Master'!A53="","",'Employee Master'!A53) | B53: =IF($A53="","",'Employee Master'!B53) | C53: =IF($A53="","",'Employee Master'!C53) | D53: P | E53: P | F53: P | G53: P | H53: P | I53: P | J53: P | K53: P | L53: P | M53: P | N53: P | O53: P | P53: P | AI53: =IF($A53="","",COUNTIF($D53:$AH53,"P")) | AJ53: =IF($A53="","",COUNTIF($D53:$AH53,"AA")+COUNTIF($D53:$AH53,"SA")+COUNTIF($D53:$AH53,"EA")+COUNTIF($D53:$AH53,"OR")+COUNTIF($D53:$AH53,"WO")+COUNTIF($D53:$AH53,"H")) | AK53: =IF($A53="","",COUNTIF($D53:$AH53,"UA")) | AL53: =IF($A53="","",COUNTIF($D53:$AH53,"SA")) | AM53: =IF($A53="","",COUNTIF($D53:$AH53,"EA")) | AN53: =IF($A53="","",COUNTIF($D53:$AH53,"OR")) | AO53: =IF($A53="","",COUNTIF($D53:$AH53,"WO")) | AP53: =IF($A53="","",COUNTIF($D53:$AH53,"H")) | AS53: =IF(OR($A53="",$I$2=0),"",AI53/$I$2) | AT53: =IF(OR($A53="",$I$2=0),"",(AI53+AJ53)/$I$2) | AU53: =IF($A53="","",IF(OR($AK53>=2,AND($AK53>0,$AQ53=""),AND($AK53>0,$AR53="")),"CRITICAL",IF(OR($AK53=1,AND(($AJ53)>0,$AQ53=""),AND(($AJ53)>0,$AR53=""),$AT53<0.95),"REVIEW","OK")))
